date,sport,legs,odds,outcome,expected_value,confidence_score,bet_amount,actual_payout
2023-01-01,nba,4,100.0,1,0.08580016352902559,0.7406275972882985,100.0,10000.0
2023-01-01,nba,4,100.0,1,0.13944626688409598,0.8681405764784551,100.0,10000.0
2023-01-02,nba,2,100.0,0,-0.03484074023698143,0.8915479484935501,100.0,0.0
2023-01-02,nba,2,100.0,1,0.004321284770886308,0.7477119910446737,100.0,10000.0
2023-01-02,nba,5,100.0,1,0.22669107141557981,0.7680377397833003,100.0,10000.0
2023-01-02,nba,4,100.0,1,0.18340896821142055,0.771233601499721,100.0,10000.0
2023-01-03,nba,2,100.0,1,-0.1919954387479344,0.945702836407611,100.0,10000.0
2023-01-03,nba,5,100.0,0,0.1712212772210827,0.6228468651482624,100.0,0.0
2023-01-03,nba,3,100.0,1,-0.12924535636853451,0.6770315231165454,100.0,10000.0
2023-01-04,nba,3,100.0,0,-0.01306847180758499,0.6392136157588183,100.0,0.0
2023-01-04,nba,3,100.0,0,0.059750408197845675,0.854670898194891,100.0,0.0
2023-01-04,nba,5,100.0,0,-0.10305150462557311,0.8025363930003376,100.0,0.0
2023-01-05,nba,4,100.0,1,0.1878484162232678,0.7506180121281224,100.0,10000.0
2023-01-05,nba,2,100.0,1,0.04562033316623082,0.7604632485992402,100.0,10000.0
2023-01-06,nba,5,100.0,1,-0.005561333075367839,0.6852498940526212,100.0,10000.0
2023-01-06,nba,2,100.0,1,0.015127321494629309,0.7371504037431775,100.0,10000.0
2023-01-07,nba,5,100.0,1,0.10866022988979117,0.631395321655196,100.0,10000.0
2023-01-07,nba,2,100.0,0,0.09568859700256183,0.6751337523903879,100.0,0.0
2023-01-08,nba,2,100.0,0,-0.11410018914101423,0.9360587246550609,100.0,0.0
2023-01-08,nba,3,100.0,1,0.14178002347963647,0.6557882096699907,100.0,10000.0
2023-01-08,nba,3,100.0,0,-0.16545436875529845,0.6650219341445477,100.0,0.0
2023-01-09,nba,5,100.0,1,0.0904608139043218,0.7147115290636448,100.0,10000.0
2023-01-09,nba,2,100.0,0,-0.06613654749495758,0.7555232686341232,100.0,0.0
2023-01-10,nba,4,100.0,1,-0.07912499105829157,0.732228888368294,100.0,10000.0
2023-01-10,nba,3,100.0,0,-0.05246555859556042,0.7260209656757541,100.0,0.0
2023-01-10,nba,4,100.0,0,-0.12305381263256217,0.6109112181891724,100.0,0.0
2023-01-10,nba,2,100.0,1,0.0951819770925702,0.6131481803403932,100.0,10000.0
2023-01-11,nba,4,100.0,1,-0.1332992969494749,0.8646014846209269,100.0,10000.0
2023-01-11,nba,3,100.0,1,0.01445093476190553,0.7612492599718964,100.0,10000.0
2023-01-12,nba,5,100.0,0,-0.1629705535406888,0.9305622907587132,100.0,0.0
2023-01-12,nba,2,100.0,1,0.057918667189922474,0.6419401507061762,100.0,10000.0
2023-01-12,nba,2,100.0,1,-0.08190039731917412,0.8860568592746328,100.0,10000.0
2023-01-12,nba,3,100.0,1,0.07136232233639322,0.7313654677718606,100.0,10000.0
2023-01-13,nba,2,100.0,0,0.0936017380624304,0.6532169985985721,100.0,0.0
2023-01-13,nba,5,100.0,0,-0.04349068753575459,0.9252298187711488,100.0,0.0
2023-01-13,nba,5,100.0,0,-0.004445469318740666,0.8084735592127454,100.0,0.0
2023-01-14,nba,5,100.0,0,-0.00047071041995060126,0.6576558136283716,100.0,0.0
2023-01-14,nba,4,100.0,1,-0.0067202170631652375,0.6909346230607619,100.0,10000.0
2023-01-15,nba,5,100.0,0,-0.14070486206040242,0.807757358743917,100.0,0.0
2023-01-15,nba,5,100.0,1,0.18038000359410095,0.6815358161637718,100.0,10000.0
2023-01-16,nba,2,100.0,1,0.06527486047718914,0.876206296306056,100.0,10000.0
2023-01-16,nba,2,100.0,0,0.008260663989406905,0.7033555171501414,100.0,0.0
2023-01-16,nba,3,100.0,0,0.20419991147064714,0.7859689836328132,100.0,0.0
2023-01-17,nba,5,100.0,1,0.06561610423186624,0.8004389855498413,100.0,10000.0
2023-01-17,nba,4,100.0,1,0.20827891971404877,0.7883770356539663,100.0,10000.0
2023-01-17,nba,5,100.0,1,-0.024900751860698497,0.920196065373835,100.0,10000.0
2023-01-18,nba,2,100.0,0,-0.284944368664236,0.6543340860757494,100.0,0.0
2023-01-18,nba,3,100.0,1,-0.015793241521307705,0.8316421047898993,100.0,10000.0
2023-01-18,nba,4,100.0,1,0.06698763820436013,0.6323573309629733,100.0,10000.0
2023-01-19,nba,4,100.0,1,0.1974797652593734,0.6560250722341006,100.0,10000.0
2023-01-19,nba,3,100.0,1,-0.10606007283082788,0.8247302775733396,100.0,10000.0
2023-01-19,nba,5,100.0,1,0.13909113353445213,0.7456247346430401,100.0,10000.0
2023-01-21,nba,3,100.0,1,-0.06736714745608519,0.7303074845005667,100.0,10000.0
2023-01-21,nba,4,100.0,1,-0.05594353870079058,0.9443921767859398,100.0,10000.0
2023-01-21,nba,4,100.0,1,0.08590840501462256,0.6128203941595868,100.0,10000.0
2023-01-22,nba,3,100.0,1,-0.14434987356984824,0.7743695518465898,100.0,10000.0
2023-01-22,nba,5,100.0,0,0.043693140439444875,0.8862248654499307,100.0,0.0
2023-01-22,nba,3,100.0,0,0.029482744788145943,0.7893898387075956,100.0,0.0
2023-01-24,nba,4,100.0,1,0.07174235523660444,0.6723791866154504,100.0,10000.0
2023-01-24,nba,3,100.0,0,-0.060151154321874414,0.9436892166561508,100.0,0.0
2023-01-24,nba,5,100.0,1,0.03829702303562785,0.6988653492295013,100.0,10000.0
2023-01-24,nba,5,100.0,1,0.04320181684593921,0.8761244583821077,100.0,10000.0
2023-01-25,nba,4,100.0,0,-0.04468665118885721,0.7538290910215185,100.0,0.0
2023-01-25,nba,2,100.0,1,0.24151857933516524,0.6152815801975764,100.0,10000.0
2023-01-26,nba,5,100.0,1,-0.04169780505530234,0.7296652359769836,100.0,10000.0
2023-01-27,nba,3,100.0,1,0.08953888312729899,0.8618835821633151,100.0,10000.0
2023-01-28,nba,2,100.0,1,-0.12856039065292857,0.7480302403095451,100.0,10000.0
2023-01-28,nba,4,100.0,0,-0.06510085991079752,0.6927662499137514,100.0,0.0
2023-01-28,nba,4,100.0,1,-0.14764391724205372,0.6768438731304307,100.0,10000.0
2023-01-29,nba,4,100.0,0,-0.006340781368481759,0.7993195694602888,100.0,0.0
2023-01-29,nba,3,100.0,1,-0.01892100825439097,0.7193667554907182,100.0,10000.0
2023-01-29,nba,2,100.0,0,-0.04679741914583299,0.7237171162949325,100.0,0.0
2023-01-29,nba,4,100.0,1,0.08277717419067836,0.9487038814858291,100.0,10000.0
2023-01-29,nba,4,100.0,0,-0.036266208337813646,0.8481374934933221,100.0,0.0
2023-01-30,nba,2,100.0,0,-0.1422269347209576,0.604851747569501,100.0,0.0
2023-01-31,nba,3,100.0,0,-0.07905656921096904,0.880473220394587,100.0,0.0
2023-01-31,nba,3,100.0,0,-0.1714004008125758,0.6428742516880962,100.0,0.0
2023-01-31,nba,5,100.0,0,-0.10417012834938479,0.9443072617865151,100.0,0.0
2023-02-02,nba,5,100.0,0,-0.2290409594050565,0.8371121739839906,100.0,0.0
2023-02-02,nba,5,100.0,0,0.027602155800869485,0.6653024747387745,100.0,0.0
2023-02-02,nba,3,100.0,1,-0.22867257687815662,0.8409251687197802,100.0,10000.0
2023-02-03,nba,2,100.0,0,0.004743174022096883,0.6213772859492023,100.0,0.0
2023-02-03,nba,3,100.0,0,0.0009439006408375333,0.7420000484633317,100.0,0.0
2023-02-03,nba,3,100.0,1,-0.030921816330685026,0.7619077414868035,100.0,10000.0
2023-02-03,nba,2,100.0,1,0.10835173533669931,0.6601403111251805,100.0,10000.0
2023-02-04,nba,5,100.0,1,-0.013882072230833174,0.8392002953050446,100.0,10000.0
2023-02-04,nba,4,100.0,1,-0.0003005913369197033,0.9231090491139627,100.0,10000.0
2023-02-04,nba,5,100.0,1,0.007048608555545607,0.7427869107720042,100.0,10000.0
2023-02-05,nba,3,100.0,0,-0.08170504530545401,0.7442062086330797,100.0,0.0
2023-02-05,nba,2,100.0,1,0.11876298901747462,0.8378716138383002,100.0,10000.0
2023-02-06,nba,3,100.0,1,0.1316250775229314,0.8165136011828786,100.0,10000.0
2023-02-07,nba,4,100.0,1,0.1245374823514344,0.6719905417684443,100.0,10000.0
2023-02-07,nba,4,100.0,0,0.026855252789080346,0.9468253167600866,100.0,0.0
2023-02-07,nba,4,100.0,1,0.010005152864606806,0.844485718823198,100.0,10000.0
2023-02-07,nba,4,100.0,0,0.10681511909155683,0.6854224038385379,100.0,0.0
2023-02-07,nba,4,100.0,0,0.052343402112188936,0.9353483419315736,100.0,0.0
2023-02-07,nba,3,100.0,0,0.041118288666208785,0.6387522076642105,100.0,0.0
2023-02-07,nba,5,100.0,0,-0.22696306629975627,0.7342485868525522,100.0,0.0
2023-02-08,nba,3,100.0,0,-0.057115571783479674,0.869374757359279,100.0,0.0
2023-02-08,nba,2,100.0,1,0.0189919585828116,0.7930907887322616,100.0,10000.0
2023-02-08,nba,5,100.0,0,-0.06432736691708525,0.6648446243841633,100.0,0.0
2023-02-08,nba,4,100.0,0,-0.11523123819321891,0.6583557659976841,100.0,0.0
2023-02-09,nba,3,100.0,1,-0.06460641916863817,0.8729959144186905,100.0,10000.0
2023-02-09,nba,3,100.0,1,0.11702410889851726,0.7846097623026063,100.0,10000.0
2023-02-09,nba,5,100.0,1,0.052032217005863225,0.8158176923578462,100.0,10000.0
2023-02-10,nba,5,100.0,0,-0.06762906831086105,0.8191616600575984,100.0,0.0
2023-02-10,nba,4,100.0,0,0.13701009165746225,0.70039632597652,100.0,0.0
2023-02-11,nba,2,100.0,0,-0.10455355734836003,0.944299054123203,100.0,0.0
2023-02-11,nba,2,100.0,1,0.016116553898766137,0.8893824894733615,100.0,10000.0
2023-02-12,nba,3,100.0,1,0.19201974454685422,0.8744949547573508,100.0,10000.0
2023-02-13,nba,4,100.0,0,0.011841685585863765,0.6661986850080446,100.0,0.0
2023-02-13,nba,4,100.0,0,-0.07041675714228071,0.9055310425567429,100.0,0.0
2023-02-14,nba,5,100.0,1,0.09041219766585784,0.6058365347214437,100.0,10000.0
2023-02-14,nba,5,100.0,1,0.03248426175835063,0.8274832343580611,100.0,10000.0
2023-02-14,nba,2,100.0,0,-0.013980866849336221,0.7038546743864315,100.0,0.0
2023-02-15,nba,3,100.0,1,-0.08488809120161975,0.6860365054579011,100.0,10000.0
2023-02-15,nba,2,100.0,0,-0.0022074860610394598,0.943116054300616,100.0,0.0
2023-02-15,nba,5,100.0,0,-0.0057886110232146515,0.6253456952512195,100.0,0.0
2023-02-16,nba,4,100.0,1,-0.07616215478313738,0.770584554585215,100.0,10000.0
2023-02-16,nba,2,100.0,0,0.02743228421717022,0.6893137800709808,100.0,0.0
2023-02-16,nba,4,100.0,1,-0.19629717703566757,0.8208226265802072,100.0,10000.0
2023-02-16,nba,3,100.0,0,-0.06733176167960521,0.6523605073344334,100.0,0.0
2023-02-16,nba,2,100.0,1,-0.10255591265094358,0.7496276451574273,100.0,10000.0
2023-02-16,nba,4,100.0,1,0.23678175073919883,0.8459218205799307,100.0,10000.0
2023-02-17,nba,4,100.0,0,-0.045859819231599444,0.9125815718183952,100.0,0.0
2023-02-17,nba,5,100.0,0,0.025327713002357505,0.847971394122479,100.0,0.0
2023-02-17,nba,2,100.0,0,-0.053824067731755285,0.6931810255245836,100.0,0.0
2023-02-18,nba,5,100.0,1,0.09939440869136645,0.7865352252929674,100.0,10000.0
2023-02-18,nba,5,100.0,1,0.13956976273085522,0.9401827958409319,100.0,10000.0
2023-02-18,nba,5,100.0,0,-0.04689865814871992,0.6146829282010726,100.0,0.0
2023-02-20,nba,2,100.0,1,-0.03496635626286741,0.7061429301356279,100.0,10000.0
2023-02-20,nba,5,100.0,0,-0.11583373658060594,0.6427106730126471,100.0,0.0
2023-02-20,nba,2,100.0,0,0.03144653675696173,0.6590917623283995,100.0,0.0
2023-02-21,nba,2,100.0,0,-0.10802812092788144,0.7342183929012649,100.0,0.0
2023-02-21,nba,4,100.0,0,-0.05840723237446249,0.6298908695018058,100.0,0.0
2023-02-21,nba,3,100.0,0,-0.08113207673813917,0.6873686465437041,100.0,0.0
2023-02-22,nba,3,100.0,0,0.0794009915539243,0.7740302182569985,100.0,0.0
2023-02-22,nba,5,116.02539309826467,0,0.018071197239557912,0.7784041263508629,100.0,0.0
2023-02-22,nba,4,100.0,0,-0.25022373150887256,0.9485759347106151,100.0,0.0
2023-02-22,nba,5,100.0,1,-0.052615834317348745,0.945410427810181,100.0,10000.0
2023-02-22,nba,4,100.0,0,-0.1424602489146018,0.9487394027876693,100.0,0.0
2023-02-22,nba,2,100.0,1,-0.05818518242872711,0.9339460745498753,100.0,10000.0
2023-02-23,nba,3,100.0,1,-0.15122773396317957,0.6313320688788948,100.0,10000.0
2023-02-23,nba,5,100.0,1,-0.19585252502971773,0.7971511258338351,100.0,10000.0
2023-02-23,nba,3,100.0,1,-0.013478303968025566,0.7667614449337898,100.0,10000.0
2023-02-23,nba,3,100.0,1,-0.09297711268453111,0.6593879663634479,100.0,10000.0
2023-02-23,nba,3,100.0,0,-0.03859851899221299,0.8545451985497472,100.0,0.0
2023-02-24,nba,5,100.0,0,-0.08168939586605319,0.777849601532818,100.0,0.0
2023-02-24,nba,4,100.0,1,0.04476989986170336,0.7167247100919004,100.0,10000.0
2023-02-24,nba,4,100.0,1,0.08146531642837142,0.9307559829869729,100.0,10000.0
2023-02-24,nba,4,100.0,1,-0.03893307038168055,0.6751198256405809,100.0,10000.0
2023-02-25,nba,4,100.0,1,-0.05974376788589679,0.7242482905348796,100.0,10000.0
2023-02-25,nba,4,100.0,0,-0.019541957566807364,0.6077764687089531,100.0,0.0
2023-02-25,nba,4,100.0,1,-0.03533747460648867,0.8874375540958965,100.0,10000.0
2023-02-26,nba,3,100.0,1,0.060229972930528466,0.7061483591229059,100.0,10000.0
2023-02-26,nba,5,100.0,0,-0.006628610710673763,0.780159767814873,100.0,0.0
2023-02-26,nba,3,100.0,0,0.016248133164326634,0.9084377385886614,100.0,0.0
2023-02-27,nba,4,100.0,1,0.11374548424610853,0.772636622559095,100.0,10000.0
2023-02-27,nba,5,100.0,0,0.05818860225638127,0.6885465587962344,100.0,0.0
2023-02-27,nba,4,100.0,1,-0.17989427992318896,0.9484181717464899,100.0,10000.0
2023-02-27,nba,3,100.0,0,0.025992710844294012,0.8448587865582349,100.0,0.0
2023-02-28,nba,4,100.0,0,0.0115353332752808,0.6370419328400043,100.0,0.0
2023-03-01,nba,3,100.0,1,-0.030177681055680625,0.67367742888287,100.0,10000.0
2023-03-02,nba,3,100.0,0,-0.026166260591125,0.6907538656030208,100.0,0.0
2023-03-03,nba,2,100.0,1,0.1215982679826248,0.8545439646583519,100.0,10000.0
2023-03-03,nba,3,100.0,0,0.07754746584187074,0.7879644601596909,100.0,0.0
2023-03-03,nba,4,100.0,0,-0.24452171063113864,0.7445875892045004,100.0,0.0
2023-03-03,nba,5,100.0,0,-0.037525869697969894,0.6029272886568999,100.0,0.0
2023-03-03,nba,3,100.0,1,0.06128287806053737,0.7963060621769161,100.0,10000.0
2023-03-03,nba,2,100.0,0,0.06521257183087742,0.8488333675928619,100.0,0.0
2023-03-04,nba,5,100.0,1,-0.07341890812154975,0.8581254368384119,100.0,10000.0
2023-03-04,nba,2,100.0,1,-0.06414898677875429,0.7010399584357233,100.0,10000.0
2023-03-04,nba,2,100.0,1,0.03016802729006965,0.7449454133851244,100.0,10000.0
2023-03-04,nba,5,100.0,0,-0.09032494227379702,0.6872522802021062,100.0,0.0
2023-03-04,nba,2,100.0,1,0.1447936186635751,0.6799159383290138,100.0,10000.0
2023-03-04,nba,2,100.0,1,0.1918477596641903,0.6284022124876837,100.0,10000.0
2023-03-05,nba,4,100.0,1,0.11238314548159045,0.7829483089236603,100.0,10000.0
2023-03-05,nba,3,100.0,0,-0.28520512323519837,0.6039558878061578,100.0,0.0
2023-03-06,nba,5,100.0,0,0.10589099839073553,0.6697268900429767,100.0,0.0
2023-03-06,nba,2,100.0,1,0.12193237702689519,0.93870898413068,100.0,10000.0
2023-03-06,nba,3,100.0,1,0.0876828236015375,0.9264238928299751,100.0,10000.0
2023-03-06,nba,2,100.0,1,0.0010368143447908734,0.634163513338147,100.0,10000.0
2023-03-07,nba,5,100.0,0,-0.037381603020246,0.9443672273640071,100.0,0.0
2023-03-07,nba,3,100.0,1,0.10616257147545989,0.8548407530676583,100.0,10000.0
2023-03-07,nba,4,100.0,1,-0.07015644894016801,0.8516568051070119,100.0,10000.0
2023-03-07,nba,3,100.0,1,-0.12257619558435238,0.9247110065763925,100.0,10000.0
2023-03-08,nba,5,100.0,0,-0.1179866200273849,0.7821572914578501,100.0,0.0
2023-03-08,nba,5,100.0,1,0.03257138952243743,0.6538269023838108,100.0,10000.0
2023-03-09,nba,3,100.0,0,-0.06433349413534031,0.8230916142914142,100.0,0.0
2023-03-09,nba,3,100.0,0,-0.19077074274395478,0.8053943913073076,100.0,0.0
2023-03-10,nba,5,100.0,1,0.10254997191639399,0.6179990347194876,100.0,10000.0
2023-03-10,nba,5,100.0,1,-0.010483910570764116,0.8611725401186434,100.0,10000.0
2023-03-10,nba,4,100.0,0,-0.03958894345790123,0.8927858117663161,100.0,0.0
2023-03-10,nba,5,100.0,0,-0.09600625843916846,0.7860177361986372,100.0,0.0
2023-03-10,nba,4,100.0,0,-0.03662502976170863,0.6746213759861972,100.0,0.0
2023-03-11,nba,2,100.0,1,0.1392460309014879,0.9434003061271377,100.0,10000.0
2023-03-11,nba,2,100.0,0,0.011977137102211835,0.8625536303010293,100.0,0.0
2023-03-11,nba,3,100.0,1,0.2704285836810022,0.7900291555712646,100.0,10000.0
2023-03-12,nba,3,100.0,1,0.02741503232399349,0.9306625280735741,100.0,10000.0
2023-03-12,nba,4,100.0,1,0.2148640130022172,0.7966523264333314,100.0,10000.0
2023-03-12,nba,2,100.0,1,-0.1619466674519402,0.6094036789157273,100.0,10000.0
2023-03-12,nba,3,100.0,0,-0.33119186835015896,0.6176775873339823,100.0,0.0
2023-03-13,nba,3,100.0,0,0.016108149402904268,0.9364671209181821,100.0,0.0
2023-03-14,nba,4,100.0,0,0.20503956196241965,0.8403375141034453,100.0,0.0
2023-03-14,nba,4,100.0,0,-0.1331289789374,0.8752207550454432,100.0,0.0
2023-03-14,nba,2,100.0,0,-0.24868988602100808,0.7128136885642987,100.0,0.0
2023-03-14,nba,4,100.0,0,0.10031843288630744,0.8188566310748817,100.0,0.0
2023-03-15,nba,4,100.0,0,-0.0033590354635705255,0.9467620832876266,100.0,0.0
2023-03-15,nba,3,100.0,0,-0.08992503031093424,0.8182770724015931,100.0,0.0
2023-03-15,nba,4,100.0,0,-0.22429115900674096,0.6001405404088689,100.0,0.0
2023-03-16,nba,5,100.0,0,0.025179946447821733,0.6109558098116307,100.0,0.0
2023-03-16,nba,2,100.0,1,0.1483177794513191,0.6108904599710752,100.0,10000.0
2023-03-16,nba,2,100.0,0,0.10350477411873069,0.8948870779231306,100.0,0.0
2023-03-17,nba,3,100.0,0,-0.14761659091844048,0.6279002756155497,100.0,0.0
2023-03-17,nba,4,100.0,1,-0.14510051723457992,0.8562646024606718,100.0,10000.0
2023-03-17,nba,4,100.0,1,0.22193552115557508,0.8283696549421551,100.0,10000.0
2023-03-17,nba,4,100.0,0,0.07927488280641422,0.6489203318192013,100.0,0.0
2023-03-17,nba,5,100.0,1,-0.219442130535802,0.739994056402749,100.0,10000.0
2023-03-17,nba,2,100.0,1,-0.17658169517913205,0.7494893562467669,100.0,10000.0
2023-03-17,nba,4,100.0,0,0.06400403453031286,0.9365655324661579,100.0,0.0
2023-03-19,nba,2,100.0,1,0.003779120655986401,0.8433005939166578,100.0,10000.0
2023-03-19,nba,3,100.0,0,0.01338956500587099,0.7870016931627866,100.0,0.0
2023-03-20,nba,3,100.0,1,0.07492169448876486,0.9310002879543585,100.0,10000.0
2023-03-20,nba,2,100.0,0,0.05366188036006997,0.6756440994220667,100.0,0.0
2023-03-21,nba,3,100.0,0,-0.0843802986658159,0.6678009677717043,100.0,0.0
2023-03-21,nba,4,100.0,1,0.06130374668918623,0.613135030136131,100.0,10000.0
2023-03-22,nba,4,100.0,1,0.1858351988855489,0.774416559902983,100.0,10000.0
2023-03-23,nba,3,100.0,0,-0.014006224807547651,0.7136130793339306,100.0,0.0
2023-03-23,nba,2,100.0,1,0.013683004657559922,0.6221386931145378,100.0,10000.0
2023-03-23,nba,4,100.0,0,0.001229907540698294,0.680503093050696,100.0,0.0
2023-03-23,nba,4,100.0,1,-0.09630461296845602,0.8741855269985435,100.0,10000.0
2023-03-24,nba,3,100.0,0,0.001395242754791623,0.6957944601874299,100.0,0.0
2023-03-25,nba,3,100.0,0,0.08463610061908827,0.7683163410071446,100.0,0.0
2023-03-25,nba,2,100.0,1,0.049482244980293535,0.9187695565753703,100.0,10000.0
2023-03-25,nba,2,100.0,1,0.17075127580267158,0.673466957583455,100.0,10000.0
2023-03-25,nba,4,100.0,0,0.07381041560521213,0.6959421273367202,100.0,0.0
2023-03-25,nba,2,100.0,0,-0.11816496417433191,0.8340004263530199,100.0,0.0
2023-03-26,nba,2,100.0,1,-0.11494878660391768,0.7952577142522599,100.0,10000.0
2023-03-26,nba,2,100.0,1,-0.34545664960824846,0.7085295884199643,100.0,10000.0
2023-03-26,nba,4,100.0,0,-0.06146817579586371,0.9187184012391063,100.0,0.0
2023-03-26,nba,4,100.0,0,0.030167119583668148,0.6957397101506779,100.0,0.0
2023-03-27,nba,5,100.0,0,-0.04266001478177037,0.8813317116692163,100.0,0.0
2023-03-27,nba,4,100.0,0,0.014931795728671413,0.932686487334043,100.0,0.0
2023-03-28,nba,4,100.0,1,-0.06452768517277713,0.8351624602595549,100.0,10000.0
2023-03-28,nba,4,100.0,1,0.14301759085053103,0.6063101531356193,100.0,10000.0
2023-03-28,nba,2,100.0,1,0.34265121135771165,0.9187327483843609,100.0,10000.0
2023-03-29,nba,4,100.0,1,-0.1275440056380524,0.844768813188425,100.0,10000.0
2023-03-29,nba,3,100.0,1,-0.00737265083470795,0.6472424701250747,100.0,10000.0
2023-03-30,nba,5,100.0,1,-0.04207398385500297,0.6157365045570429,100.0,10000.0
2023-03-30,nba,5,100.0,0,-0.02092310906127471,0.9204209041558147,100.0,0.0
2023-03-30,nba,4,100.0,0,-0.2146795312413857,0.8538504795240943,100.0,0.0
2023-03-30,nba,4,100.0,1,-0.012657114460438143,0.7408031373267115,100.0,10000.0
2023-03-30,nba,5,100.0,1,-0.09312680954480215,0.8583527641945914,100.0,10000.0
2023-03-31,nba,4,100.0,1,0.14946583690492982,0.8511502436560581,100.0,10000.0
2023-03-31,nba,5,100.0,1,-0.1586133162583855,0.7736131090026921,100.0,10000.0
2023-03-31,nba,2,100.0,1,0.10145487759718208,0.7771489484431255,100.0,10000.0
2023-04-01,nba,5,100.0,1,-0.18978542535009332,0.686900617870796,100.0,10000.0
2023-04-01,nba,4,100.0,1,0.05791079993591455,0.89427477517869,100.0,10000.0
2023-04-02,nba,4,100.0,1,0.04363913906010589,0.8379040286006153,100.0,10000.0
2023-04-02,nba,4,100.0,1,0.10835735060512987,0.9450769590187211,100.0,10000.0
2023-04-02,nba,3,100.0,1,-0.025468174228095396,0.6722168014420273,100.0,10000.0
2023-04-02,nba,2,100.0,1,-0.1178233528177967,0.817531553411917,100.0,10000.0
2023-04-02,nba,4,100.0,1,0.016044153382262623,0.8663520940323444,100.0,10000.0
2023-04-02,nba,2,100.0,1,-0.06606870819957401,0.7517122949065933,100.0,10000.0
2023-04-03,nba,2,100.0,1,-0.14745119520069416,0.826881714082746,100.0,10000.0
2023-04-04,nba,5,100.0,0,-0.25695239566658895,0.8551044315709193,100.0,0.0
2023-04-04,nba,3,100.0,1,-0.1529775148961047,0.7164415628924344,100.0,10000.0
2023-04-05,nba,2,100.0,1,0.034156320420237245,0.8349275447212111,100.0,10000.0
2023-04-05,nba,4,100.0,1,0.048952839351650956,0.7041419579615872,100.0,10000.0
2023-04-06,nba,3,100.0,0,0.021724802926269174,0.7524855145372619,100.0,0.0
2023-04-06,nba,2,100.0,1,-0.06816594925293566,0.9424241754698998,100.0,10000.0
2023-04-06,nba,5,100.0,1,-0.041679418487810094,0.6129104315740864,100.0,10000.0
2023-04-07,nba,4,100.0,1,-0.09883840383805606,0.8838805361700903,100.0,10000.0
2023-04-07,nba,2,100.0,1,0.021894371993107467,0.8174657184544976,100.0,10000.0
2023-04-08,nba,2,100.0,1,0.053819395772087664,0.6341468785837548,100.0,10000.0
2023-04-08,nba,4,100.0,1,-0.044846050533442434,0.807132767682164,100.0,10000.0
2023-04-08,nba,5,100.0,0,0.09949411854221693,0.7477126208427405,100.0,0.0
2023-04-08,nba,2,100.0,0,0.046662336746726714,0.8845153531955271,100.0,0.0
2023-04-09,nba,5,100.0,1,0.1044076826108719,0.8496356755280482,100.0,10000.0
2023-04-09,nba,2,100.0,1,-0.00017677433550490618,0.7500254977229861,100.0,10000.0
2023-04-09,nba,2,100.0,1,0.01510127853907213,0.7167964726514704,100.0,10000.0
2023-04-09,nba,2,100.0,0,0.22444466362500692,0.735213110576763,100.0,0.0
2023-04-09,nba,2,100.0,0,-0.08972010880203629,0.6218021293455219,100.0,0.0
2023-04-10,nba,5,100.0,0,0.1258721889013372,0.6743186887373966,100.0,0.0
2023-04-10,nba,5,100.0,1,0.005670325955975896,0.7530078860858893,100.0,10000.0
2023-04-10,nba,3,100.0,0,-0.06453191110103389,0.6900033228881836,100.0,0.0
2023-04-10,nba,2,100.0,1,0.1723379335777538,0.7265625614488863,100.0,10000.0
2023-04-10,nba,4,100.0,1,0.0008413100576889695,0.8767110376694143,100.0,10000.0
2023-04-11,nba,2,100.0,1,0.10714110288528615,0.8947080762541935,100.0,10000.0
2023-04-11,nba,5,100.0,0,-0.028896959519905355,0.63964441357264,100.0,0.0
2023-04-11,nba,2,100.0,0,0.08248674521020014,0.8863509533947305,100.0,0.0
2023-04-12,nba,4,100.0,1,0.01636039112110569,0.7723139180004136,100.0,10000.0
2023-04-12,nba,5,100.0,0,-0.05415484243929633,0.850467250940125,100.0,0.0
2023-04-13,nba,3,100.0,0,-0.07132684828111048,0.7702370698311127,100.0,0.0
2023-04-13,nba,4,100.0,0,0.045573423759285976,0.6659749484784464,100.0,0.0
2023-04-13,nba,2,100.0,0,-0.015434611519443683,0.6362162722763046,100.0,0.0
2023-04-13,nba,4,100.0,0,-0.13500782878720918,0.7993240404815015,100.0,0.0
2023-04-13,nba,5,100.0,1,-0.17998910773745153,0.9031616510212273,100.0,10000.0
2023-04-13,nba,3,100.0,1,0.17202096803077516,0.8542389614275798,100.0,10000.0
2023-04-14,nba,4,100.0,0,-0.057450239698050395,0.7199558238997674,100.0,0.0
2023-04-14,nba,2,100.0,1,-0.08888198116595755,0.6292440181287414,100.0,10000.0
2023-04-15,nba,2,100.0,0,-0.18911501780994422,0.9261059986638386,100.0,0.0
2023-04-15,nba,3,100.0,0,-0.1676124389943052,0.655458354063267,100.0,0.0
2023-04-15,nba,3,100.0,0,0.09541212341776845,0.6421954457412915,100.0,0.0
2023-04-16,nba,2,100.0,1,-0.06355991994214495,0.7429594534929689,100.0,10000.0
2023-04-16,nba,2,100.0,1,-0.02459707079417331,0.6219286212093741,100.0,10000.0
2023-04-17,nba,3,100.0,0,-0.1399953421216395,0.8065999400336059,100.0,0.0
2023-04-17,nba,4,100.0,1,-0.0110544006959249,0.7677141303052599,100.0,10000.0
2023-04-17,nba,2,100.0,1,0.25424515656526764,0.612252770182382,100.0,10000.0
2023-04-18,nba,5,100.0,0,-0.018311927015634194,0.6861854563397101,100.0,0.0
2023-04-18,nba,3,100.0,1,-0.1086998020143071,0.8232862776605895,100.0,10000.0
2023-04-19,nba,4,100.0,0,-0.16477198300379972,0.831479713874645,100.0,0.0
2023-04-19,nba,2,100.0,1,-0.02538986200432157,0.7675456021992663,100.0,10000.0
2023-04-19,nba,3,100.0,1,-0.12024666535414531,0.6199910071796552,100.0,10000.0
2023-04-20,nba,5,100.0,1,0.2467711396709475,0.618702110836856,100.0,10000.0
2023-04-20,nba,4,100.0,1,-0.06315720989076895,0.7197079324867935,100.0,10000.0
2023-04-21,nba,2,100.0,1,0.13852973684916076,0.6715906076093121,100.0,10000.0
2023-04-21,nba,2,100.0,0,-0.06807373714591626,0.6630235453222545,100.0,0.0
2023-04-21,nba,5,100.0,0,-0.13708980811646687,0.9228747834120534,100.0,0.0
2023-04-21,nba,2,100.0,1,0.13910102536944213,0.7227249420100014,100.0,10000.0
2023-04-21,nba,4,100.0,1,-0.10346920168768262,0.7864160432592581,100.0,10000.0
2023-04-21,nba,3,100.0,1,0.058970880318962096,0.8687567272717989,100.0,10000.0
2023-04-22,nba,2,100.0,1,0.12044467167823339,0.86950742995954,100.0,10000.0
2023-04-23,nba,2,100.0,0,-0.07510136740627069,0.6505527694542771,100.0,0.0
2023-04-23,nba,5,100.0,1,-0.10225216419319309,0.7940052470467833,100.0,10000.0
2023-04-23,nba,4,100.0,1,0.15518585436946924,0.8651125559077512,100.0,10000.0
2023-04-23,nba,3,100.0,0,-0.21162116935170003,0.6838466617334403,100.0,0.0
2023-04-24,nba,3,100.0,0,0.051935763877111484,0.66207297658091,100.0,0.0
2023-04-24,nba,4,100.0,0,-0.03339661703011859,0.9023263680377511,100.0,0.0
2023-04-25,nba,4,100.0,1,0.17903234383314487,0.7841288814460909,100.0,10000.0
2023-04-25,nba,2,100.0,0,0.008906044615456264,0.8627765809129256,100.0,0.0
2023-04-25,nba,5,101.72512388741161,1,-0.04101813371124831,0.689966543251228,100.0,10172.512388741161
2023-04-25,nba,4,100.0,1,0.3174255657709626,0.9356761780974097,100.0,10000.0
2023-04-25,nba,3,100.0,1,0.10520206316734991,0.8968382322554704,100.0,10000.0
2023-04-26,nba,2,100.0,0,0.058477951005884696,0.6724765332237993,100.0,0.0
2023-04-26,nba,4,100.0,1,-0.012145948027096995,0.7304404034829173,100.0,10000.0
2023-04-26,nba,4,100.0,0,0.006797304928091684,0.7725136999546109,100.0,0.0
2023-04-27,nba,4,100.0,1,0.034997307074328285,0.8653141473539258,100.0,10000.0
2023-04-27,nba,4,100.0,1,0.013280957537267268,0.8574269622706381,100.0,10000.0
2023-04-28,nba,2,100.0,0,0.04308073839377037,0.753723710437401,100.0,0.0
2023-04-28,nba,2,100.0,1,0.07882301097902977,0.7438599644323466,100.0,10000.0
2023-04-29,nba,5,100.0,0,-0.07733057334616711,0.8934150466488981,100.0,0.0
2023-04-29,nba,2,100.0,1,-0.19072953802399342,0.9371761121561133,100.0,10000.0
2023-04-30,nba,3,100.0,1,-0.035959422679559636,0.8282983894864562,100.0,10000.0
2023-04-30,nba,4,100.0,0,-0.08262574934439637,0.8217173769391515,100.0,0.0
2023-05-01,nba,5,100.0,1,-0.12436941831550695,0.6161432475175068,100.0,10000.0
2023-05-02,nba,5,100.0,0,-0.06495200887746876,0.8226247673054388,100.0,0.0
2023-05-02,nba,2,100.0,0,0.16227217048988363,0.7491320162664293,100.0,0.0
2023-05-02,nba,2,100.0,1,-0.12857201001987822,0.89547431385015,100.0,10000.0
2023-05-03,nba,2,100.0,0,-0.09098141808072092,0.7324216535889264,100.0,0.0
2023-05-03,nba,5,100.0,1,0.0034253210903249023,0.7337465180890957,100.0,10000.0
2023-05-03,nba,3,100.0,1,0.18691941772965603,0.6255156423787662,100.0,10000.0
2023-05-04,nba,2,100.0,1,0.1401175679474062,0.6744255317298836,100.0,10000.0
2023-05-04,nba,4,100.0,1,0.07397806115341744,0.6792735213192782,100.0,10000.0
2023-05-04,nba,4,100.0,1,-0.11688112083732453,0.6771532597124148,100.0,10000.0
2023-05-05,nba,5,100.0,1,0.11112988852438899,0.8716000724624002,100.0,10000.0
2023-05-05,nba,2,100.0,0,-0.17543403528783097,0.6545206412030595,100.0,0.0
2023-05-05,nba,4,100.0,0,-0.02547072375094611,0.8864262244883259,100.0,0.0
2023-05-05,nba,3,100.0,0,0.029677729535585354,0.748308388777067,100.0,0.0
2023-05-06,nba,4,100.0,1,0.060846316107196124,0.9459473478872183,100.0,10000.0
2023-05-06,nba,3,100.0,1,-0.15010044003340411,0.7862857460892047,100.0,10000.0
2023-05-06,nba,2,100.0,1,0.05270249102148161,0.6813770972727409,100.0,10000.0
2023-05-07,nba,2,100.0,1,0.24261973934763448,0.8276029650557089,100.0,10000.0
2023-05-08,nba,3,100.0,0,0.015229054801664893,0.9201558902347762,100.0,0.0
2023-05-08,nba,4,100.0,0,0.07966565564957201,0.8486230252493162,100.0,0.0
2023-05-09,nba,2,100.0,1,0.1387548725080476,0.8333159797077803,100.0,10000.0
2023-05-09,nba,2,100.0,1,0.1271898106088316,0.7681029905769745,100.0,10000.0
2023-05-09,nba,3,100.0,1,0.08888370210847968,0.9156166972473982,100.0,10000.0
2023-05-10,nba,2,100.0,1,0.0468047898486204,0.7092664077991953,100.0,10000.0
2023-05-10,nba,3,100.0,1,-0.004568085659493293,0.7790339742833226,100.0,10000.0
2023-05-10,nba,3,100.0,0,0.02229158400499813,0.6177005863384801,100.0,0.0
2023-05-10,nba,2,100.0,1,0.1290536069363839,0.8548757220141507,100.0,10000.0
2023-05-10,nba,5,100.0,1,0.08148623370484602,0.7714250537958842,100.0,10000.0
2023-05-10,nba,5,100.0,0,-0.0562187948750813,0.623887396873932,100.0,0.0
2023-05-10,nba,4,100.0,1,-0.11788420348402923,0.7247416575473826,100.0,10000.0
2023-05-11,nba,4,100.0,1,0.04453658812976822,0.8688312824465332,100.0,10000.0
2023-05-11,nba,3,100.0,1,0.13150909100954356,0.7263408639290093,100.0,10000.0
2023-05-11,nba,2,100.0,1,-0.02321726368944911,0.6427133821956725,100.0,10000.0
2023-05-12,nba,4,100.0,0,-0.10887155385279557,0.9290772819499498,100.0,0.0
2023-05-12,nba,4,100.0,1,-0.13440317717740868,0.8282784908409153,100.0,10000.0
2023-05-12,nba,3,100.0,1,0.16620995318187673,0.9293080593457215,100.0,10000.0
2023-05-12,nba,3,100.0,1,0.3092113450333279,0.8385110403988452,100.0,10000.0
2023-05-12,nba,5,100.0,1,-0.026283953213545052,0.8616055423088429,100.0,10000.0
2023-05-12,nba,2,100.0,1,0.08988625958986629,0.9480974898395836,100.0,10000.0
2023-05-13,nba,5,100.0,0,-0.017869787145128158,0.9441692689449792,100.0,0.0
2023-05-13,nba,4,100.0,0,-0.26913956931152505,0.6113703088415577,100.0,0.0
2023-05-14,nba,5,100.0,1,0.0358249202940233,0.8826040543074218,100.0,10000.0
2023-05-15,nba,4,100.0,1,-0.17671477263052354,0.6928208286886038,100.0,10000.0
2023-05-15,nba,5,100.0,1,0.07340939115123692,0.739301852534076,100.0,10000.0
2023-05-16,nba,5,100.0,1,0.04736602891796947,0.8478634184541198,100.0,10000.0
2023-05-16,nba,4,100.0,1,-0.033121762385584466,0.9200546053205684,100.0,10000.0
2023-05-17,nba,3,100.0,0,-0.17882846053248624,0.7131210262072643,100.0,0.0
2023-05-17,nba,4,100.0,1,-0.0421473318755286,0.831669771422954,100.0,10000.0
2023-05-18,nba,4,100.0,0,-0.10260517422215938,0.7256040418478505,100.0,0.0
2023-05-18,nba,4,100.0,1,0.14324630638685873,0.9372247343106559,100.0,10000.0
2023-05-18,nba,4,100.0,1,-0.07439099610002729,0.6844205101598395,100.0,10000.0
2023-05-19,nba,4,100.0,1,-0.08797220511291011,0.9464860813364808,100.0,10000.0
2023-05-19,nba,4,100.0,0,-0.0260982021836973,0.8571022730924946,100.0,0.0
2023-05-21,nba,3,100.0,1,-0.027630803999851697,0.8867893808382724,100.0,10000.0
2023-05-22,nba,5,100.0,0,-0.19817100550581088,0.8048413064284463,100.0,0.0
2023-05-22,nba,5,100.0,1,0.40104612816698393,0.8352091473533197,100.0,10000.0
2023-05-23,nba,3,100.0,0,0.01679142845719199,0.6164473753510911,100.0,0.0
2023-05-23,nba,3,100.0,0,-0.1836467583490144,0.6267988904517386,100.0,0.0
2023-05-24,nba,2,100.0,1,0.1920015537514003,0.9208646010915613,100.0,10000.0
2023-05-24,nba,5,100.0,1,0.016836282643425765,0.942321636290735,100.0,10000.0
2023-05-24,nba,2,100.0,0,0.0797648101405298,0.7728927021990657,100.0,0.0
2023-05-24,nba,4,100.0,1,-0.07354638770402383,0.6374469414111181,100.0,10000.0
2023-05-24,nba,3,100.0,0,-0.11423607025828714,0.8765909663795928,100.0,0.0
2023-05-25,nba,2,100.0,0,-0.007656030236067313,0.9324299696521734,100.0,0.0
2023-05-25,nba,3,100.0,0,-0.21581984031424525,0.8413343628610463,100.0,0.0
2023-05-25,nba,3,100.0,1,0.1492619154592573,0.7796164620984404,100.0,10000.0
2023-05-25,nba,2,100.0,1,0.2133331060307035,0.8191771125709953,100.0,10000.0
2023-05-26,nba,4,100.0,0,0.0032343942800608337,0.8749780663280812,100.0,0.0
2023-05-26,nba,5,100.0,1,0.2599467112730999,0.8265277991892493,100.0,10000.0
2023-05-26,nba,5,100.0,0,-0.09020839011782181,0.928468755374954,100.0,0.0
2023-05-26,nba,3,100.0,0,-0.021379694149472994,0.7135791300613697,100.0,0.0
2023-05-27,nba,3,100.0,0,-0.005070070311715955,0.7013038325668207,100.0,0.0
2023-05-27,nba,5,100.0,1,-0.06702229042570165,0.9485409812602796,100.0,10000.0
2023-05-27,nba,4,100.0,1,0.31860096177454744,0.7668952139112359,100.0,10000.0
2023-05-27,nba,5,100.0,1,0.08301116206185535,0.8857437747377608,100.0,10000.0
2023-05-28,nba,3,100.0,1,0.023234847682999007,0.7161952650014459,100.0,10000.0
2023-05-28,nba,3,100.0,0,-0.0009321620548356502,0.9009792499641932,100.0,0.0
2023-05-28,nba,5,100.0,1,-0.044645204130376065,0.6768722250080992,100.0,10000.0
2023-05-28,nba,2,100.0,1,-0.06385198915136486,0.6617848112019279,100.0,10000.0
2023-05-28,nba,5,100.0,1,-0.19221249761636833,0.6910552268367178,100.0,10000.0
2023-05-29,nba,3,100.0,0,0.0017738807606826473,0.9446344088335779,100.0,0.0
2023-05-29,nba,2,100.0,0,-0.08226926729309514,0.9324648838861265,100.0,0.0
2023-05-30,nba,5,100.0,1,-0.0316251676543593,0.6693334308521013,100.0,10000.0
2023-05-30,nba,3,100.0,1,-0.09883843456809367,0.7532235170548669,100.0,10000.0
2023-05-31,nba,3,100.0,0,-0.1200868883712379,0.6978962384650177,100.0,0.0
2023-05-31,nba,5,100.0,1,-0.03544707674249488,0.6575981204502672,100.0,10000.0
2023-05-31,nba,2,100.0,1,0.16913963267899623,0.6457510632564151,100.0,10000.0
2023-05-31,nba,3,100.0,0,0.08217819177585986,0.7417009613663506,100.0,0.0
2023-05-31,nba,4,100.0,1,0.11542622341175826,0.6846483018151581,100.0,10000.0
2023-05-31,nba,5,100.0,1,0.1383068666455561,0.6568336631318122,100.0,10000.0
2023-05-31,nba,2,100.0,0,-0.08190696948422356,0.6721019874932139,100.0,0.0
2023-06-01,nba,4,100.0,1,-0.18516343353116654,0.751353008350776,100.0,10000.0
2023-06-01,nba,2,100.0,1,0.15362197979524075,0.6791514680564792,100.0,10000.0
2023-06-01,nba,5,100.0,1,0.08943348386777877,0.8637581207610134,100.0,10000.0
2023-06-02,nba,2,100.0,0,-0.14542482002591572,0.8140762467864973,100.0,0.0
2023-06-02,nba,2,100.0,1,0.18271790977142005,0.7779244206476073,100.0,10000.0
2023-06-02,nba,2,100.0,1,0.08755340514520889,0.7988323793182535,100.0,10000.0
2023-06-02,nba,2,100.0,0,0.0059577048236266195,0.7379666731099678,100.0,0.0
2023-06-02,nba,5,100.0,1,0.10785982026742327,0.6702212315513006,100.0,10000.0
2023-06-03,nba,3,100.0,1,0.06545113130455392,0.921027207138702,100.0,10000.0
2023-06-03,nba,2,100.0,1,-0.06186341738016328,0.9059918647135832,100.0,10000.0
2023-06-03,nba,5,100.0,0,-0.014613001192909078,0.7983013767599965,100.0,0.0
2023-06-03,nba,3,100.0,1,0.12831108616127976,0.9068287609304206,100.0,10000.0
2023-06-04,nba,3,100.0,1,-0.06944023979518911,0.8646747648825619,100.0,10000.0
2023-06-04,nba,4,100.0,1,0.11014366146142363,0.646262880213855,100.0,10000.0
2023-06-04,nba,2,100.0,0,0.1734475267473588,0.7512406828806752,100.0,0.0
2023-06-04,nba,2,100.0,0,-0.05305086406259925,0.6538324586245627,100.0,0.0
2023-06-04,nba,5,100.0,1,0.05510704375315214,0.7410635652674962,100.0,10000.0
2023-06-04,nba,3,100.0,1,-0.2647252144158921,0.7989627144777789,100.0,10000.0
2023-06-04,nba,4,100.0,0,-0.06891638869297317,0.9409866789506647,100.0,0.0
2023-06-04,nba,3,100.0,1,0.07165214671637482,0.8869814210928351,100.0,10000.0
2023-06-05,nba,3,100.0,0,-0.04605829209176569,0.6888373773548432,100.0,0.0
2023-06-05,nba,4,100.0,0,0.02365842569675665,0.7828683641806413,100.0,0.0
2023-06-07,nba,2,100.0,1,0.21019500596831697,0.6454392571331011,100.0,10000.0
2023-06-07,nba,3,100.0,0,0.016531709985037654,0.7273039323974895,100.0,0.0
2023-06-07,nba,4,100.0,1,0.12203250037443399,0.6022350551008917,100.0,10000.0
2023-06-07,nba,4,100.0,0,0.09145453073327989,0.865114167753086,100.0,0.0
2023-06-07,nba,2,100.0,1,-0.1037076719566397,0.6696539530453158,100.0,10000.0
2023-06-08,nba,2,100.0,1,0.03125496082923308,0.6242879300664642,100.0,10000.0
2023-06-10,nba,3,100.0,0,-0.19888864158877148,0.7206088085044401,100.0,0.0
2023-06-10,nba,2,100.0,1,-0.06829221689654051,0.8400887075940444,100.0,10000.0
2023-06-10,nba,2,100.0,0,-0.005391831157486565,0.8445917846561115,100.0,0.0
2023-06-10,nba,3,100.0,0,-0.025526399243676827,0.7907869348912449,100.0,0.0
2023-06-10,nba,3,100.0,1,0.06888949033114064,0.8317391390328627,100.0,10000.0
2023-06-10,nba,5,100.0,1,-0.11335371847862626,0.855586151481551,100.0,10000.0
2023-06-10,nba,2,100.0,1,0.12380625791834249,0.9105985873796261,100.0,10000.0
2023-06-11,nba,2,100.0,1,-0.17698318598390972,0.6120411229587104,100.0,10000.0
2023-06-12,nba,4,100.0,1,-0.18094051929183985,0.8386036976443196,100.0,10000.0
2023-06-13,nba,3,100.0,1,-0.13551374261518234,0.7967388089181303,100.0,10000.0
2023-06-13,nba,3,100.0,1,-0.10687288313211071,0.6909824519989919,100.0,10000.0
2023-06-13,nba,4,100.0,0,0.04097764286165906,0.7560659472318618,100.0,0.0
2023-06-13,nba,4,100.0,1,-0.10051552673838397,0.6231034454490846,100.0,10000.0
2023-06-13,nba,5,100.0,1,0.14211947787705578,0.8389349033619657,100.0,10000.0
2023-06-14,nba,4,100.0,0,0.14742412587582399,0.8205139574679937,100.0,0.0
2023-06-14,nba,5,100.0,1,-0.102924891719789,0.7327779593714653,100.0,10000.0
2023-06-14,nba,2,100.0,0,0.010516858632519749,0.9263711232564307,100.0,0.0
2023-06-15,nba,2,100.0,1,0.05514943425339844,0.64885960357593,100.0,10000.0
2023-06-15,nba,2,100.0,0,0.03438956244153969,0.7340742794042774,100.0,0.0
2023-06-15,nba,3,100.0,1,0.057463173275944676,0.6697049141589735,100.0,10000.0
2023-06-15,nba,4,100.0,0,-0.03996689986374452,0.8081718230819276,100.0,0.0
2023-06-15,nba,2,100.0,0,-0.12404434008327529,0.6295054601139726,100.0,0.0
2023-06-15,nba,4,100.0,1,-0.08894711344718771,0.7718569169341185,100.0,10000.0
2023-06-15,nba,4,100.0,1,0.06660543283506615,0.8178914466617986,100.0,10000.0
2023-06-16,nba,2,100.0,1,0.02358465334721939,0.7208696832857107,100.0,10000.0
2023-06-16,nba,2,100.0,0,-0.12055750974988452,0.7723991747636542,100.0,0.0
2023-06-17,nba,4,100.0,0,-0.1092166571758533,0.6327715126667702,100.0,0.0
2023-06-17,nba,3,100.0,0,-0.14671113507266242,0.7177939752110543,100.0,0.0
2023-06-17,nba,4,100.0,1,-0.09343318844542085,0.9365296686440796,100.0,10000.0
2023-06-17,nba,5,100.0,0,0.04203620983304253,0.9025281932595905,100.0,0.0
2023-06-17,nba,3,100.0,0,-0.02107261233900739,0.6816298253485847,100.0,0.0
2023-06-19,nba,2,100.0,1,0.06585944231747812,0.6050869473430968,100.0,10000.0
2023-06-21,nba,2,100.0,1,-0.12563032846783267,0.8779638208610142,100.0,10000.0
2023-06-22,nba,4,100.0,0,-0.022533705230444373,0.6686860008471579,100.0,0.0
2023-06-22,nba,5,100.0,0,0.03276787268323633,0.692622259423875,100.0,0.0
2023-06-22,nba,2,100.0,1,0.14975251713180712,0.8383637994839181,100.0,10000.0
2023-06-23,nba,4,100.0,0,-0.09971468425199673,0.7921263835747682,100.0,0.0
2023-06-23,nba,4,100.0,1,-0.07087458742684337,0.922268312962175,100.0,10000.0
2023-06-23,nba,2,100.0,1,-0.12997546810857047,0.6173294203958027,100.0,10000.0
2023-06-24,nba,4,100.0,1,0.016437299565420976,0.887096900919029,100.0,10000.0
2023-06-24,nba,3,100.0,1,-0.026574484665634394,0.6487363956079383,100.0,10000.0
2023-06-25,nba,4,100.0,1,-0.13409110139742558,0.8971233543166255,100.0,10000.0
2023-06-25,nba,5,100.0,1,0.21534447349562977,0.7185624664750775,100.0,10000.0
2023-06-25,nba,5,100.0,1,0.017078356897757288,0.9106045917633707,100.0,10000.0
2023-06-26,nba,2,100.0,0,-0.10295931747191418,0.7471166583011448,100.0,0.0
2023-06-26,nba,2,100.0,0,-0.12465346565710034,0.662312588404413,100.0,0.0
2023-06-26,nba,3,100.0,0,-0.020682170985560883,0.7221115262646383,100.0,0.0
2023-06-27,nba,2,100.0,1,0.25869041146013144,0.6664484310948392,100.0,10000.0
2023-06-27,nba,4,100.0,0,0.01521301857490303,0.735135923230271,100.0,0.0
2023-06-28,nba,2,100.0,1,-0.17676359602475142,0.8710699610919268,100.0,10000.0
2023-06-28,nba,3,100.0,0,-0.14035646136003843,0.7506890733275164,100.0,0.0
2023-06-29,nba,5,100.0,1,0.0641233003570159,0.7490991318139498,100.0,10000.0
2023-06-29,nba,5,100.0,0,-0.04004248292457477,0.7934668288117541,100.0,0.0
2023-06-29,nba,3,100.0,1,0.08744414692421801,0.7550639918223062,100.0,10000.0
2023-06-30,nba,5,100.0,0,-0.17076083541334672,0.6705349323022095,100.0,0.0
2023-06-30,nba,2,100.0,0,-0.20445029238509016,0.6113578768767365,100.0,0.0
2023-06-30,nba,4,100.0,0,-0.005544674097907855,0.6518622748804809,100.0,0.0
2023-06-30,nba,5,100.0,1,-0.08551193163624378,0.8399478505301399,100.0,10000.0
2023-07-01,nba,3,100.0,1,0.22750017687278357,0.9348151173792103,100.0,10000.0
2023-07-01,nba,3,100.0,1,0.12729058896426293,0.671458295708885,100.0,10000.0
2023-07-01,nba,2,100.0,1,-0.2088847277597253,0.949577527535479,100.0,10000.0
2023-07-01,nba,4,100.0,1,0.014741382683712619,0.8767418856650587,100.0,10000.0
2023-07-02,nba,4,100.0,1,-0.032351555911110164,0.6242649156357176,100.0,10000.0
2023-07-02,nba,2,100.0,1,-0.11046244093731912,0.9252993430655898,100.0,10000.0
2023-07-02,nba,2,100.0,0,-0.038158714337550415,0.7666063452790682,100.0,0.0
2023-07-02,nba,5,100.0,1,0.029906584625382593,0.9278535945487215,100.0,10000.0
2023-07-03,nba,3,100.0,1,-0.26646793521145984,0.7722006053012289,100.0,10000.0
2023-07-03,nba,2,100.0,1,-0.16011480087182023,0.6591272720752576,100.0,10000.0
2023-07-04,nba,5,100.0,1,-0.2341555648470124,0.8179562988024917,100.0,10000.0
2023-07-04,nba,4,100.0,0,0.06682304486726086,0.8852553608366518,100.0,0.0
2023-07-04,nba,3,100.0,1,-0.07282040522800773,0.8742255259057681,100.0,10000.0
2023-07-04,nba,3,100.0,1,0.05681153691744481,0.7948747188248657,100.0,10000.0
2023-07-05,nba,2,100.0,0,-0.18748182110798317,0.6698844083142264,100.0,0.0
2023-07-05,nba,5,100.0,1,-0.008672430579202757,0.6061433271783201,100.0,10000.0
2023-07-06,nba,4,100.0,1,-0.15498173451000807,0.8637881804400467,100.0,10000.0
2023-07-06,nba,2,100.0,1,0.1053530118502434,0.6505356712467835,100.0,10000.0
2023-07-06,nba,2,100.0,0,0.17549088791071527,0.7409715416315149,100.0,0.0
2023-07-07,nba,2,100.0,0,0.06387757602934374,0.6825988120682331,100.0,0.0
2023-07-07,nba,5,100.0,1,0.11871417010630778,0.9441308100323758,100.0,10000.0
2023-07-07,nba,2,100.0,0,-0.08362948006812418,0.6228747192796298,100.0,0.0
2023-07-07,nba,3,100.0,0,0.1332587044203549,0.7824536166789486,100.0,0.0
2023-07-07,nba,3,100.0,0,0.11917706107527451,0.6936839530180041,100.0,0.0
2023-07-08,nba,3,100.0,1,0.05541453880335273,0.7169159419469858,100.0,10000.0
2023-07-08,nba,5,100.0,0,-0.07070485561776944,0.9273102303542726,100.0,0.0
2023-07-08,nba,5,100.0,1,0.04032844820742085,0.8114608783604071,100.0,10000.0
2023-07-09,nba,5,100.0,0,-0.09916888961550487,0.8002170251792553,100.0,0.0
2023-07-09,nba,3,100.0,0,-0.023319295848151386,0.6062958460503357,100.0,0.0
2023-07-09,nba,4,100.0,1,0.17601891218436866,0.6295357817632454,100.0,10000.0
2023-07-09,nba,5,100.0,0,0.003166408665989509,0.77683833035675,100.0,0.0
2023-07-09,nba,4,100.0,1,0.15401417627854136,0.6815566375388922,100.0,10000.0
2023-07-10,nba,2,100.0,0,-0.03438194058107423,0.679949048307947,100.0,0.0
2023-07-10,nba,5,100.0,1,0.2629693159551084,0.9261091411607778,100.0,10000.0
2023-07-10,nba,5,100.0,1,-0.06535001028341109,0.6113647700921119,100.0,10000.0
2023-07-11,nba,5,100.0,0,0.0650825810181676,0.8655503624073722,100.0,0.0
2023-07-11,nba,5,100.0,0,-0.30300907322975174,0.6488228512282146,100.0,0.0
2023-07-11,nba,3,100.0,1,-0.12250489771607317,0.6609851905758828,100.0,10000.0
2023-07-11,nba,2,100.0,0,-0.07047589568016126,0.7855218592681064,100.0,0.0
2023-07-11,nba,4,100.0,1,-0.031620863003803804,0.6105363552739616,100.0,10000.0
2023-07-11,nba,4,100.0,0,-0.07618438816487279,0.7192812390885562,100.0,0.0
2023-07-12,nba,3,100.0,0,0.09371636052030602,0.9391072493499919,100.0,0.0
2023-07-13,nba,2,100.0,0,-0.15069827830912919,0.8919506089502365,100.0,0.0
2023-07-13,nba,5,100.0,1,0.14327483563463095,0.7266485826217985,100.0,10000.0
2023-07-13,nba,4,100.0,1,-0.12932414459366506,0.9477523604867265,100.0,10000.0
2023-07-13,nba,3,100.0,0,0.08422555324767525,0.7015154098622953,100.0,0.0
2023-07-14,nba,2,100.0,0,0.07837815151093717,0.8573244290832085,100.0,0.0
2023-07-14,nba,5,100.0,0,-0.07849307886468898,0.8722339355604577,100.0,0.0
2023-07-14,nba,3,100.0,1,0.14770582532922566,0.6389028079241591,100.0,10000.0
2023-07-15,nba,4,100.0,0,0.1064346387895278,0.8554196790507884,100.0,0.0
2023-07-15,nba,4,100.0,1,0.057861946443887,0.8369052965396517,100.0,10000.0
2023-07-15,nba,3,100.0,1,-0.09631574897500335,0.6123057375949179,100.0,10000.0
2023-07-15,nba,2,100.0,1,0.09915170792821916,0.7433701132133312,100.0,10000.0
2023-07-15,nba,2,100.0,0,0.11763757948654889,0.628958406220475,100.0,0.0
2023-07-16,nba,3,100.0,1,-0.192592116621565,0.6500363071602633,100.0,10000.0
2023-07-16,nba,5,100.0,1,0.03319780148106975,0.8708420831204691,100.0,10000.0
2023-07-16,nba,4,100.0,0,0.05029765231872016,0.6696472486358028,100.0,0.0
2023-07-17,nba,2,100.0,1,-0.07567174367956103,0.6742999745840069,100.0,10000.0
2023-07-17,nba,3,100.0,0,0.12403663455220272,0.8834196413640418,100.0,0.0
2023-07-17,nba,4,100.0,0,-0.010809769237745945,0.8975464571397629,100.0,0.0
2023-07-17,nba,3,100.0,0,-0.04306840157005495,0.7611151677249677,100.0,0.0
2023-07-17,nba,4,100.0,1,0.0720502608647445,0.6645666885967737,100.0,10000.0
2023-07-17,nba,4,100.0,0,0.16437906475903372,0.6810850954842051,100.0,0.0
2023-07-18,nba,4,100.0,1,-0.18062234845573574,0.6256185733189552,100.0,10000.0
2023-07-18,nba,3,100.0,1,-0.03180795450236855,0.9435786633483567,100.0,10000.0
2023-07-18,nba,4,100.0,1,-0.1263090741075727,0.7913152288822849,100.0,10000.0
2023-07-18,nba,5,100.0,1,0.04779182597590442,0.8522537892093376,100.0,10000.0
2023-07-19,nba,3,100.0,1,-0.21419603384957409,0.8700292216994706,100.0,10000.0
2023-07-19,nba,5,100.0,0,0.0826582983117298,0.6388220808061823,100.0,0.0
2023-07-19,nba,5,100.0,1,-0.042762403536766774,0.9008878547781165,100.0,10000.0
2023-07-20,nba,2,100.0,1,-0.21499965605145177,0.9397597537870368,100.0,10000.0
2023-07-21,nba,4,100.0,1,0.15453842416972835,0.7489226670568263,100.0,10000.0
2023-07-21,nba,2,100.0,0,-0.07972963213916275,0.6588049727107022,100.0,0.0
2023-07-21,nba,3,100.0,1,0.2097470077874488,0.8813509601870879,100.0,10000.0
2023-07-21,nba,2,100.0,1,0.15583239329147053,0.9062287919609349,100.0,10000.0
2023-07-21,nba,4,100.0,0,-0.13704567182178126,0.8717016671305817,100.0,0.0
2023-07-22,nba,2,100.0,1,0.09803103514012744,0.9043394091007264,100.0,10000.0
2023-07-23,nba,2,100.0,1,-0.11018519267033383,0.7701154694696289,100.0,10000.0
2023-07-23,nba,4,100.0,1,-0.0647281417400503,0.7006115827140376,100.0,10000.0
2023-07-23,nba,4,100.0,0,-0.09598968560289489,0.6365681108638853,100.0,0.0
2023-07-24,nba,5,100.0,1,0.08591064132632903,0.6397451572698701,100.0,10000.0
2023-07-24,nba,4,100.0,1,0.1677205525697149,0.7555384664578781,100.0,10000.0
2023-07-24,nba,2,100.0,1,0.08636605769629414,0.749204201091199,100.0,10000.0
2023-07-25,nba,5,100.0,0,-0.109472592553878,0.6487193086161354,100.0,0.0
2023-07-25,nba,4,100.0,0,-0.1398495051647041,0.6541944881266092,100.0,0.0
2023-07-25,nba,2,100.0,1,0.05803741736255924,0.8912568588051915,100.0,10000.0
2023-07-26,nba,5,100.0,1,0.11612611157683368,0.6760308102585537,100.0,10000.0
2023-07-26,nba,5,100.0,1,-0.0544415425892935,0.6507869506887576,100.0,10000.0
2023-07-26,nba,3,100.0,0,0.07064722442191124,0.9252926481245725,100.0,0.0
2023-07-26,nba,2,100.0,0,0.09528718109046339,0.895164158725759,100.0,0.0
2023-07-26,nba,4,100.0,1,0.07950524672584966,0.8477243924268688,100.0,10000.0
2023-07-27,nba,2,100.0,0,0.0768493300556366,0.8198418359352501,100.0,0.0
2023-07-27,nba,2,100.0,0,0.01766750752374162,0.7964745384662683,100.0,0.0
2023-07-28,nba,5,100.0,1,0.1494265209676945,0.7755514949712818,100.0,10000.0
2023-07-28,nba,3,100.0,1,-0.14988888857865063,0.7817285997730717,100.0,10000.0
2023-07-29,nba,3,100.0,0,0.010628018170979414,0.6590989723371902,100.0,0.0
2023-07-29,nba,3,100.0,1,0.09646404077125968,0.7403396143409231,100.0,10000.0
2023-07-29,nba,3,100.0,0,0.08071090552213422,0.9089735948692739,100.0,0.0
2023-07-29,nba,5,100.0,1,-0.19079043518424738,0.9250206967403879,100.0,10000.0
2023-07-30,nba,3,100.0,1,-0.0867682230289322,0.7976943966419157,100.0,10000.0
2023-07-30,nba,5,100.0,0,-0.12734122413622923,0.6145526359463078,100.0,0.0
2023-07-30,nba,2,100.0,1,0.1408905388625254,0.6760231841919236,100.0,10000.0
2023-07-31,nba,2,100.0,0,0.06681843427600195,0.6048109439039708,100.0,0.0
2023-07-31,nba,2,100.0,1,0.033313078253417644,0.6013430009277303,100.0,10000.0
2023-07-31,nba,4,100.0,1,0.22083249718307274,0.9367357364577595,100.0,10000.0
2023-07-31,nba,2,100.0,0,0.03286970220560553,0.6305515628563864,100.0,0.0
2023-07-31,nba,3,100.0,0,0.04893330055681257,0.7703628669233105,100.0,0.0
2023-08-01,nba,2,100.0,1,-0.08981872550948068,0.8955249789588655,100.0,10000.0
2023-08-02,nba,3,100.0,1,0.07183341192824796,0.8496723550595933,100.0,10000.0
2023-08-02,nba,3,100.0,1,-0.027977615206866008,0.9291569770076604,100.0,10000.0
2023-08-02,nba,5,100.0,1,0.00019089534616546777,0.9234094046490064,100.0,10000.0
2023-08-02,nba,2,100.0,1,0.0014708967850185564,0.6578495715500351,100.0,10000.0
2023-08-02,nba,4,100.0,0,0.06781680433662059,0.6095085974289459,100.0,0.0
2023-08-02,nba,3,100.0,0,0.0922358143246638,0.8809838271885752,100.0,0.0
2023-08-03,nba,2,100.0,0,-0.02560443035279065,0.8279971359231524,100.0,0.0
2023-08-03,nba,2,100.0,1,-0.035605762999474835,0.6423587501698176,100.0,10000.0
2023-08-04,nba,2,100.0,0,-0.0624069343240114,0.6639846859887291,100.0,0.0
2023-08-04,nba,5,100.0,1,0.009922380337676548,0.7521085863005491,100.0,10000.0
2023-08-04,nba,2,100.0,1,0.1130858972746657,0.7298407994072591,100.0,10000.0
2023-08-04,nba,5,100.0,0,-0.000361990049028961,0.7382958176640261,100.0,0.0
2023-08-05,nba,3,100.0,0,-0.00795197705046237,0.8965001004334564,100.0,0.0
2023-08-05,nba,3,100.0,1,-0.08441300910544469,0.8297433612252298,100.0,10000.0
2023-08-06,nba,3,100.0,0,0.09235076111848342,0.6669411462701054,100.0,0.0
2023-08-06,nba,2,100.0,1,-0.02657013352826866,0.6952841898771156,100.0,10000.0
2023-08-06,nba,3,100.0,1,0.1922706830707669,0.7212834587834513,100.0,10000.0
2023-08-06,nba,2,100.0,0,0.08550145084044226,0.866363226587774,100.0,0.0
2023-08-06,nba,2,100.0,0,0.04422362139551518,0.9247132991183244,100.0,0.0
2023-08-06,nba,5,100.0,1,-0.03116990857053549,0.678883443802368,100.0,10000.0
2023-08-06,nba,2,100.0,0,-0.01814553933972933,0.6953103890133789,100.0,0.0
2023-08-06,nba,2,100.0,0,-0.06532735412588095,0.6358852193797304,100.0,0.0
2023-08-07,nba,3,100.0,0,0.017757262590126666,0.6736849709542145,100.0,0.0
2023-08-07,nba,5,100.0,1,-0.27163771850168106,0.6939750266691234,100.0,10000.0
2023-08-08,nba,3,100.0,0,-0.18353438765050417,0.6957160803812429,100.0,0.0
2023-08-08,nba,3,100.0,1,-0.14092553671726812,0.6095375041827853,100.0,10000.0
2023-08-08,nba,2,100.0,0,-0.06199052814850792,0.6168206234689618,100.0,0.0
2023-08-08,nba,2,100.0,0,-0.0653348865031894,0.7096066981860488,100.0,0.0
2023-08-09,nba,3,100.0,0,0.03715154211698629,0.7784489033426601,100.0,0.0
2023-08-09,nba,2,100.0,0,0.005851123500975754,0.7070347289492823,100.0,0.0
2023-08-09,nba,2,100.0,0,-0.009127198621182081,0.6996407165404951,100.0,0.0
2023-08-09,nba,3,100.0,0,-0.09609486433915321,0.6184813861639848,100.0,0.0
2023-08-10,nba,3,100.0,1,0.11346415801486277,0.8004125315087078,100.0,10000.0
2023-08-10,nba,4,100.0,0,0.030597876880382152,0.799941164477984,100.0,0.0
2023-08-10,nba,2,100.0,0,-0.08445064806568958,0.62357271051407,100.0,0.0
2023-08-11,nba,3,100.0,1,0.12110614231536596,0.7814153783273078,100.0,10000.0
2023-08-12,nba,2,100.0,0,-0.10918447347806963,0.8729458883029002,100.0,0.0
2023-08-12,nba,2,100.0,1,-0.12053475851832493,0.8041466689986838,100.0,10000.0
2023-08-12,nba,5,100.0,0,0.03882679696551825,0.8886988186204863,100.0,0.0
2023-08-13,nba,2,100.0,1,-0.04974631138059003,0.7127331457767674,100.0,10000.0
2023-08-13,nba,3,100.0,0,-0.0615450304288583,0.6477760542292538,100.0,0.0
2023-08-13,nba,2,100.0,0,-0.08418158641034605,0.6743168910004119,100.0,0.0
2023-08-14,nba,2,100.0,1,-0.17828984274719234,0.7580479553119512,100.0,10000.0
2023-08-14,nba,5,100.0,0,-0.017025168340316962,0.6383141010190588,100.0,0.0
2023-08-14,nba,3,100.0,0,0.04451487908738229,0.6474108378781418,100.0,0.0
2023-08-14,nba,2,100.0,1,0.04303855509261109,0.9039637915642694,100.0,10000.0
2023-08-14,nba,4,100.0,1,-0.08181502517764837,0.731597511479459,100.0,10000.0
2023-08-14,nba,2,100.0,0,-0.13268206917023723,0.8890722680299638,100.0,0.0
2023-08-14,nba,5,100.0,1,0.15463631831315366,0.6611265150637153,100.0,10000.0
2023-08-15,nba,2,100.0,1,0.18891556379508023,0.8681226717873558,100.0,10000.0
2023-08-15,nba,3,100.0,1,-0.03507185525103089,0.7668368899156289,100.0,10000.0
2023-08-15,nba,4,100.0,0,-0.055753720949255445,0.9057869899652184,100.0,0.0
2023-08-16,nba,2,100.0,1,0.056853508959974104,0.6941476915522842,100.0,10000.0
2023-08-16,nba,5,100.0,0,-0.13242620583540476,0.8837113468910563,100.0,0.0
2023-08-16,nba,5,100.0,0,0.09945313376894788,0.6074024381722957,100.0,0.0
2023-08-18,nba,3,100.0,0,-0.03790487209590429,0.6028206861697419,100.0,0.0
2023-08-18,nba,3,100.0,1,-0.2635086927149019,0.7481673004536191,100.0,10000.0
2023-08-19,nba,5,100.0,1,-0.10566066846899444,0.6039664076215706,100.0,10000.0
2023-08-19,nba,5,100.0,0,0.006600562991672512,0.7035379515036521,100.0,0.0
2023-08-19,nba,5,100.0,1,0.1353371787195372,0.6126561331836667,100.0,10000.0
2023-08-19,nba,2,100.0,1,-0.10637896527923361,0.6802780219631853,100.0,10000.0
2023-08-19,nba,5,100.0,1,-0.1775388983052218,0.830282320023569,100.0,10000.0
2023-08-20,nba,2,100.0,0,-0.05728060189500292,0.7693308889512265,100.0,0.0
2023-08-21,nba,4,100.0,0,0.0037903803469655287,0.7740342967582252,100.0,0.0
2023-08-21,nba,2,100.0,0,0.11955592655800557,0.7103924135118044,100.0,0.0
2023-08-22,nba,3,100.0,0,0.12863620594251848,0.7646116689356249,100.0,0.0
2023-08-22,nba,4,100.0,1,0.00806590582924449,0.8711355280136294,100.0,10000.0
2023-08-23,nba,2,100.0,1,0.04588085533071591,0.7355874049840307,100.0,10000.0
2023-08-23,nba,4,100.0,0,-0.029396324885741204,0.7948563077157262,100.0,0.0
2023-08-23,nba,3,100.0,0,-0.05985393619826471,0.8042997557059773,100.0,0.0
2023-08-23,nba,4,100.0,0,-0.2337611655617879,0.8830798055754028,100.0,0.0
2023-08-24,nba,2,100.0,0,-0.015010041994975833,0.8976218003919634,100.0,0.0
2023-08-24,nba,2,100.0,1,0.07425849018906006,0.8110548521776059,100.0,10000.0
2023-08-25,nba,4,100.0,0,-0.08897188472036177,0.8828421328475459,100.0,0.0
2023-08-25,nba,3,100.0,1,-0.1976141856077479,0.9119598774622595,100.0,10000.0
2023-08-25,nba,2,100.0,1,0.05307527930226427,0.7808444348291936,100.0,10000.0
2023-08-25,nba,3,100.0,1,-0.05427146636798262,0.7619379249843622,100.0,10000.0
2023-08-25,nba,3,100.0,1,0.03166601751513193,0.6986290726387723,100.0,10000.0
2023-08-25,nba,2,100.0,1,0.06266434301124373,0.8305511735544577,100.0,10000.0
2023-08-25,nba,3,100.0,1,0.06773153203614996,0.9395409102464511,100.0,10000.0
2023-08-25,nba,5,100.0,0,-0.18072859744207354,0.8108573046883056,100.0,0.0
2023-08-26,nba,3,100.0,0,-0.2182152021608919,0.8043717512413974,100.0,0.0
2023-08-26,nba,3,100.0,1,0.0866313406413316,0.8019163596192257,100.0,10000.0
2023-08-27,nba,3,100.0,1,-0.012914922164993639,0.7467140065657425,100.0,10000.0
2023-08-27,nba,5,100.0,1,0.1889831230569805,0.9140780530268262,100.0,10000.0
2023-08-27,nba,4,100.0,1,0.006319813197741622,0.7173476675274035,100.0,10000.0
2023-08-27,nba,2,100.0,0,-0.06370544889693482,0.6635648887148109,100.0,0.0
2023-08-27,nba,2,100.0,1,0.12520614447397202,0.6835720010189058,100.0,10000.0
2023-08-27,nba,4,100.0,1,0.12587240642831496,0.6547109397481012,100.0,10000.0
2023-08-28,nba,3,100.0,1,0.06386644077801815,0.9022448810494084,100.0,10000.0
2023-08-29,nba,2,100.0,0,-0.01857422138880406,0.9141026518161712,100.0,0.0
2023-08-29,nba,4,100.0,1,-0.08611873661964617,0.6026824114272289,100.0,10000.0
2023-08-30,nba,2,100.0,1,0.17230118492977134,0.9346165002641765,100.0,10000.0
2023-08-30,nba,3,100.0,0,-0.007899574548220697,0.7319449396741979,100.0,0.0
2023-08-31,nba,4,100.0,0,0.005504232982809651,0.8654487562541888,100.0,0.0
2023-08-31,nba,5,100.0,1,0.2773167833390413,0.9022005050826185,100.0,10000.0
2023-08-31,nba,3,100.0,0,0.13210404801830308,0.6941682800597571,100.0,0.0
2023-09-01,nba,3,100.0,1,0.2540514967562512,0.852497723565056,100.0,10000.0
2023-09-01,nba,3,100.0,1,-0.05247875057648278,0.8162533290442128,100.0,10000.0
2023-09-01,nba,3,100.0,1,0.19667066063734212,0.6366312218677637,100.0,10000.0
2023-09-01,nba,5,100.0,0,0.04737815723761188,0.7631886485347423,100.0,0.0
2023-09-02,nba,3,100.0,1,-0.14557437880862717,0.9482002905707625,100.0,10000.0
2023-09-02,nba,4,100.0,0,-0.06721092579820863,0.6056701390688135,100.0,0.0
2023-09-02,nba,5,100.0,0,-0.07612565582813205,0.8376142037772442,100.0,0.0
2023-09-03,nba,2,100.0,0,-0.19040795279815387,0.7633737270309158,100.0,0.0
2023-09-03,nba,2,100.0,0,0.13591434404538816,0.8914911656541764,100.0,0.0
2023-09-03,nba,2,100.0,1,-0.20414972459882075,0.7454299220717231,100.0,10000.0
2023-09-03,nba,2,100.0,0,0.012740533502217335,0.7753639593703407,100.0,0.0
2023-09-04,nba,5,100.0,0,-0.0007320182546949744,0.6860999091073783,100.0,0.0
2023-09-04,nba,5,100.0,0,0.10510852826619212,0.677531045239587,100.0,0.0
2023-09-04,nba,4,100.0,1,-0.2630636391374534,0.6114162819195482,100.0,10000.0
2023-09-04,nba,2,100.0,0,0.006608329612516492,0.7712629616162925,100.0,0.0
2023-09-05,nba,3,100.0,0,-0.149218850072591,0.8502635515977393,100.0,0.0
2023-09-05,nba,2,100.0,0,0.0814147369111278,0.8426836652151993,100.0,0.0
2023-09-05,nba,3,100.0,0,-0.17817340774694307,0.7301764337709027,100.0,0.0
2023-09-05,nba,3,100.0,0,-0.18765842366478713,0.7349647295029768,100.0,0.0
2023-09-05,nba,3,100.0,0,0.019919195316608698,0.8173180065761978,100.0,0.0
2023-09-06,nba,3,100.0,1,-0.024147650128022037,0.6593264321531205,100.0,10000.0
2023-09-06,nba,3,100.0,1,0.08699122936727197,0.8441746550227122,100.0,10000.0
2023-09-07,nba,2,100.0,0,0.16269622408967793,0.6993490850130257,100.0,0.0
2023-09-07,nba,4,100.0,1,-0.09631657924681503,0.8323263901614562,100.0,10000.0
2023-09-08,nba,4,100.0,1,0.03351927304320344,0.7644703802117583,100.0,10000.0
2023-09-08,nba,5,100.0,0,-0.2734339469278434,0.7329926776378881,100.0,0.0
2023-09-08,nba,5,100.0,0,-0.10227062982383812,0.758464018198059,100.0,0.0
2023-09-09,nba,3,100.0,0,-0.05050022699552659,0.7549291968911516,100.0,0.0
2023-09-10,nba,3,100.0,1,-0.1942428756861632,0.6795226872412016,100.0,10000.0
2023-09-11,nba,5,100.0,0,0.047073503997477194,0.8844144236808601,100.0,0.0
2023-09-11,nba,5,100.0,1,-0.19853481441243068,0.9476428187504112,100.0,10000.0
2023-09-12,nba,2,100.0,0,-0.1739638564543862,0.8342200920283274,100.0,0.0
2023-09-13,nba,5,100.0,0,0.024329372011251404,0.8174152127679291,100.0,0.0
2023-09-13,nba,2,100.0,0,0.13573761382145327,0.6158265345371663,100.0,0.0
2023-09-14,nba,4,100.0,0,-0.021218745360790645,0.6140999315722995,100.0,0.0
2023-09-14,nba,4,100.0,0,-0.01242893251503445,0.90165811589139,100.0,0.0
2023-09-14,nba,3,100.0,0,-0.3080083044737617,0.8724805580215822,100.0,0.0
2023-09-14,nba,2,100.0,1,0.32273782903437725,0.6377619994476565,100.0,10000.0
2023-09-14,nba,3,100.0,0,0.12594698711124785,0.7162512444292286,100.0,0.0
2023-09-14,nba,2,100.0,1,-0.12754402636725623,0.8178922886745899,100.0,10000.0
2023-09-14,nba,3,100.0,1,-0.052282292451117,0.9388676997701526,100.0,10000.0
2023-09-15,nba,5,100.0,1,-0.22967109280321385,0.9496124142116517,100.0,10000.0
2023-09-16,nba,5,100.0,1,-0.013007736825450505,0.8596983868941603,100.0,10000.0
2023-09-16,nba,5,100.0,1,0.03254092594649667,0.882570967420129,100.0,10000.0
2023-09-17,nba,2,100.0,1,-0.04143020882345777,0.9086972594025725,100.0,10000.0
2023-09-17,nba,2,100.0,1,-0.17303237330415314,0.6889914310057026,100.0,10000.0
2023-09-17,nba,5,100.0,0,-0.12865069538011817,0.74912918436163,100.0,0.0
2023-09-17,nba,5,100.0,1,0.12418575088633216,0.6497634817355731,100.0,10000.0
2023-09-18,nba,5,100.0,0,-0.015381349982027712,0.8679295146468884,100.0,0.0
2023-09-18,nba,4,100.0,1,-0.09603115825387785,0.8053106080915962,100.0,10000.0
2023-09-19,nba,5,100.0,0,0.11823526357490496,0.7736905635088265,100.0,0.0
2023-09-19,nba,2,100.0,0,-0.13647248381596944,0.8722011211753926,100.0,0.0
2023-09-20,nba,4,100.0,1,0.09278501691630488,0.877692540351743,100.0,10000.0
2023-09-21,nba,4,100.0,0,0.10052252265863829,0.687383803100715,100.0,0.0
2023-09-21,nba,5,100.0,0,-0.05837837707215547,0.7246338540642462,100.0,0.0
2023-09-21,nba,4,100.0,0,-0.09272215742171522,0.7488045560719356,100.0,0.0
2023-09-21,nba,2,100.0,0,0.06361105613630608,0.7843024633307528,100.0,0.0
2023-09-21,nba,4,100.0,0,-0.13055229951756164,0.7411237216143379,100.0,0.0
2023-09-21,nba,3,100.0,1,0.28820150383970916,0.8546083369501422,100.0,10000.0
2023-09-22,nba,4,100.0,1,-0.21757440041194742,0.8108543240653916,100.0,10000.0
2023-09-22,nba,5,100.0,0,0.1077855786262539,0.9154536037711271,100.0,0.0
2023-09-22,nba,3,100.0,0,0.08826176888684355,0.675344166025042,100.0,0.0
2023-09-22,nba,4,100.0,1,-0.14739535245704596,0.8534102160705224,100.0,10000.0
2023-09-23,nba,2,100.0,1,0.08038180567433674,0.8157749044132792,100.0,10000.0
2023-09-23,nba,5,100.0,0,0.0511844952110834,0.9333453570988253,100.0,0.0
2023-09-23,nba,3,100.0,1,0.08770411516043862,0.8734399338239982,100.0,10000.0
2023-09-24,nba,5,100.0,1,0.16466483200772564,0.9339304277888716,100.0,10000.0
2023-09-24,nba,2,100.0,1,-0.10616256422508322,0.9444313123882799,100.0,10000.0
2023-09-25,nba,3,100.0,0,-0.03393290023386746,0.7159714524860677,100.0,0.0
2023-09-26,nba,5,100.0,0,-0.047189917095560405,0.6025871655055025,100.0,0.0
2023-09-26,nba,3,100.0,1,-0.22241811040724213,0.6003301953436708,100.0,10000.0
2023-09-26,nba,4,100.0,1,-0.16598077632695968,0.9177434798592369,100.0,10000.0
2023-09-26,nba,3,100.0,1,0.21416628627146445,0.9446015637316396,100.0,10000.0
2023-09-27,nba,4,100.0,0,0.10564800779161719,0.9304932711897018,100.0,0.0
2023-09-27,nba,4,100.0,0,0.07658577935347238,0.6837663002915755,100.0,0.0
2023-09-27,nba,5,100.0,1,-0.024615766258790833,0.7621868530816261,100.0,10000.0
2023-09-28,nba,5,100.0,0,-0.037887417821897584,0.7632311080765919,100.0,0.0
2023-09-28,nba,2,100.0,0,-0.00030801979481283326,0.7122169672925793,100.0,0.0
2023-09-28,nba,2,100.0,0,0.04696371306654169,0.7209670591152763,100.0,0.0
2023-09-28,nba,2,100.0,0,-0.11724586330246714,0.8197523391007355,100.0,0.0
2023-09-28,nba,3,100.0,1,0.09364511191406343,0.6757164721707895,100.0,10000.0
2023-09-28,nba,5,100.0,1,0.07062701992530347,0.8936490647013038,100.0,10000.0
2023-09-28,nba,4,100.0,1,-0.18130755728260786,0.6636031526298547,100.0,10000.0
2023-09-28,nba,5,100.0,1,0.21232368206482266,0.8615620385480833,100.0,10000.0
2023-09-28,nba,4,100.0,0,-0.1096549699809357,0.6063814039367266,100.0,0.0
2023-09-28,nba,5,100.0,0,0.024239091388659754,0.684707727993307,100.0,0.0
2023-09-29,nba,3,100.0,1,-0.024205376619453933,0.8995080406170252,100.0,10000.0
2023-09-29,nba,4,100.0,1,0.0350949704982295,0.7317091359342491,100.0,10000.0
2023-09-29,nba,3,100.0,0,-0.03858470328934041,0.6677023700347688,100.0,0.0
2023-09-29,nba,4,100.0,1,-0.08074763353266753,0.9379312713821681,100.0,10000.0
2023-09-29,nba,4,100.0,1,-0.14915135613028668,0.7265985892008532,100.0,10000.0
2023-09-30,nba,5,100.0,1,-0.10899545889508509,0.8832764044174797,100.0,10000.0
2023-09-30,nba,5,100.0,1,0.016067314887030726,0.7632047945289365,100.0,10000.0
2023-09-30,nba,5,100.0,0,-0.18263876328667378,0.7523417978797938,100.0,0.0
2023-09-30,nba,5,100.0,0,0.011712541480744285,0.7329735018367051,100.0,0.0
2023-09-30,nba,5,100.0,0,-0.1605674141599329,0.8254522275165705,100.0,0.0
2023-09-30,nba,2,100.0,1,-0.14130412476219076,0.9266945944582091,100.0,10000.0
2023-10-02,nba,5,100.0,1,0.05638752974968654,0.9419610867908115,100.0,10000.0
2023-10-02,nba,3,100.0,0,0.04262169126225956,0.9253620570976961,100.0,0.0
2023-10-02,nba,2,100.0,1,0.17146915571525348,0.9450188873550094,100.0,10000.0
2023-10-02,nba,2,100.0,0,0.16422102077570355,0.7588813968379249,100.0,0.0
2023-10-02,nba,2,100.0,1,0.06643734627715037,0.8198833386621485,100.0,10000.0
2023-10-02,nba,2,100.0,1,0.18725650942114072,0.7166549509546837,100.0,10000.0
2023-10-02,nba,3,100.0,1,-0.07277009889056066,0.6634289463673984,100.0,10000.0
2023-10-02,nba,2,100.0,1,-0.06897766474882382,0.7520581455708949,100.0,10000.0
2023-10-02,nba,5,100.0,1,0.10860806561849745,0.8841887098367806,100.0,10000.0
2023-10-03,nba,5,100.0,1,-0.11326830429037912,0.6793655160901806,100.0,10000.0
2023-10-03,nba,3,100.0,1,-0.14115961683520237,0.9405768792693043,100.0,10000.0
2023-10-04,nba,5,100.0,1,0.05044108364127902,0.7814428076808214,100.0,10000.0
2023-10-04,nba,4,100.0,1,0.04837182282483023,0.6905773429275833,100.0,10000.0
2023-10-04,nba,5,100.0,0,-0.0034581228148075904,0.7074165796180995,100.0,0.0
2023-10-05,nba,5,100.0,0,0.0033037472247425953,0.9142102482784038,100.0,0.0
2023-10-05,nba,3,100.0,0,0.08665593413767506,0.8915521753203801,100.0,0.0
2023-10-05,nba,5,100.0,0,-0.17742206961659818,0.7246649764911579,100.0,0.0
2023-10-06,nba,4,100.0,0,-0.11132318225975435,0.8904788576243552,100.0,0.0
2023-10-06,nba,4,100.0,1,-0.09767618284746277,0.7699720044446691,100.0,10000.0
2023-10-06,nba,4,100.0,1,0.008223930231534726,0.6193955609547855,100.0,10000.0
2023-10-06,nba,2,100.0,1,-0.19839563682401284,0.7248348409496176,100.0,10000.0
2023-10-06,nba,2,100.0,0,-0.020049435961778293,0.6791438659373852,100.0,0.0
2023-10-06,nba,3,100.0,0,-0.07696555827649819,0.791631259420998,100.0,0.0
2023-10-07,nba,2,100.0,1,-0.10782432093448414,0.8923558734562332,100.0,10000.0
2023-10-08,nba,2,100.0,1,-0.006029633800003445,0.7274423698945269,100.0,10000.0
2023-10-08,nba,5,100.0,1,-0.057765377000061166,0.7488747736944943,100.0,10000.0
2023-10-08,nba,4,100.0,0,-0.12840526864085638,0.7820560780585385,100.0,0.0
2023-10-09,nba,5,100.0,0,-0.21824164209130087,0.8649668401445189,100.0,0.0
2023-10-09,nba,4,100.0,1,0.037161061523673,0.7741389482511357,100.0,10000.0
2023-10-09,nba,2,100.0,1,-0.062172531107585194,0.8193809205226954,100.0,10000.0
2023-10-09,nba,3,100.0,0,0.12750290118656743,0.8270390336750775,100.0,0.0
2023-10-11,nba,3,100.0,1,0.04983156857221013,0.7554641924074282,100.0,10000.0
2023-10-11,nba,5,100.0,0,0.04772168834199437,0.6771561014858966,100.0,0.0
2023-10-11,nba,2,100.0,1,0.08679414591459561,0.917279801805603,100.0,10000.0
2023-10-11,nba,4,100.0,1,-0.026103431951491965,0.8389284117654696,100.0,10000.0
2023-10-12,nba,4,100.0,0,-0.07821748112263782,0.9384684384991122,100.0,0.0
2023-10-12,nba,5,100.0,1,-0.017713211499071096,0.8028774770651084,100.0,10000.0
2023-10-13,nba,5,100.0,1,-0.09190370196915407,0.7576298276903648,100.0,10000.0
2023-10-13,nba,5,100.0,0,-0.05461221075934196,0.7461979984405416,100.0,0.0
2023-10-14,nba,2,100.0,0,-0.16658770807320789,0.6873841334590806,100.0,0.0
2023-10-14,nba,4,100.0,1,-0.043198672354432706,0.8342866405107765,100.0,10000.0
2023-10-14,nba,2,100.0,1,-0.08226982051589649,0.8464614446681414,100.0,10000.0
2023-10-15,nba,4,100.0,1,0.20095519294305608,0.6362019402011692,100.0,10000.0
2023-10-16,nba,4,100.0,1,-0.23810365889754356,0.7138141627093615,100.0,10000.0
2023-10-16,nba,2,100.0,1,0.08466175929170776,0.9497948040197333,100.0,10000.0
2023-10-16,nba,2,100.0,1,0.2304975755360523,0.8288253628935616,100.0,10000.0
2023-10-16,nba,3,100.0,0,0.10428210868794993,0.7541309780588237,100.0,0.0
2023-10-16,nba,3,100.0,1,-0.0026353191153342115,0.8311644024775509,100.0,10000.0
2023-10-16,nba,5,100.0,1,-0.24628654321132992,0.6847157555518846,100.0,10000.0
2023-10-18,nba,5,100.0,0,-0.2519416144809091,0.8575666146186007,100.0,0.0
2023-10-19,nba,2,100.0,0,-0.03865360234721983,0.897676479915009,100.0,0.0
2023-10-19,nba,2,100.0,1,-0.23072703026847768,0.6574946573095748,100.0,10000.0
2023-10-19,nba,3,100.0,0,-0.1746956972297564,0.7954233102724397,100.0,0.0
2023-10-19,nba,5,100.0,1,0.1719690588691546,0.6437045269170729,100.0,10000.0
2023-10-19,nba,2,100.0,0,5.244713105978516e-06,0.7863065273468581,100.0,0.0
2023-10-20,nba,3,100.0,1,0.04113889692669939,0.9496673243362757,100.0,10000.0
2023-10-21,nba,4,100.0,1,0.08904763450642894,0.7858883237181347,100.0,10000.0
2023-10-22,nba,2,100.0,1,0.027827886492742912,0.8723162072691197,100.0,10000.0
2023-10-23,nba,3,100.0,0,-0.10755877773553045,0.807984639558009,100.0,0.0
2023-10-23,nba,4,100.0,1,-0.21580889915657553,0.6193663355071711,100.0,10000.0
2023-10-24,nba,5,100.0,1,0.0022565926362378558,0.913935275648237,100.0,10000.0
2023-10-24,nba,3,100.0,0,-0.02420686169671575,0.7915922421004288,100.0,0.0
2023-10-24,nba,4,100.0,0,0.044311566433442376,0.8836528049654688,100.0,0.0
2023-10-25,nba,5,100.0,0,-0.06892608002257003,0.9329911697723299,100.0,0.0
2023-10-25,nba,2,100.0,1,-0.291712036045762,0.7290475098026783,100.0,10000.0
2023-10-26,nba,5,100.0,1,0.007171513606066909,0.6024821344710298,100.0,10000.0
2023-10-26,nba,2,100.0,1,-0.1971831350252387,0.8743083878763327,100.0,10000.0
2023-10-27,nba,3,100.0,0,-0.05394013302708427,0.7726468963743298,100.0,0.0
2023-10-27,nba,4,100.0,1,-0.03924496178518529,0.8876408313048757,100.0,10000.0
2023-10-29,nba,3,100.0,0,-0.2396236529870297,0.7603654103582624,100.0,0.0
2023-10-29,nba,4,100.0,0,-0.11000006453239676,0.7834557097541568,100.0,0.0
2023-10-29,nba,3,100.0,1,0.054044867263826686,0.833370168424364,100.0,10000.0
2023-10-30,nba,5,100.0,0,-0.0037172985738958067,0.6817916570888772,100.0,0.0
2023-10-30,nba,2,100.0,0,0.05113829337539681,0.8482840384805868,100.0,0.0
2023-10-30,nba,5,100.0,1,0.13793798283342817,0.6268225322663371,100.0,10000.0
2023-10-31,nba,5,100.0,1,0.15162543224166508,0.8702840965626468,100.0,10000.0
2023-10-31,nba,3,100.0,0,-0.13590986632581475,0.7867608913544074,100.0,0.0
2023-10-31,nba,5,100.0,1,-0.021407922449875744,0.9144939659844777,100.0,10000.0
2023-10-31,nba,3,100.0,1,0.07926510758812316,0.7222233511144313,100.0,10000.0
2023-10-31,nba,4,100.0,0,0.03451642978666063,0.7904888881397941,100.0,0.0
2023-10-31,nba,2,100.0,0,0.028462629919865354,0.866805918575336,100.0,0.0
2023-11-01,nba,5,100.0,1,-0.19694970700222905,0.93007166409244,100.0,10000.0
2023-11-01,nba,2,100.0,0,-0.06130367952719472,0.9170148767227567,100.0,0.0
2023-11-01,nba,2,100.0,0,-0.07841631454904778,0.7889670438257743,100.0,0.0
2023-11-01,nba,2,100.0,1,0.1124871267185036,0.9458125881544571,100.0,10000.0
2023-11-01,nba,4,100.0,1,0.11566687167009232,0.6217128672700735,100.0,10000.0
2023-11-02,nba,5,102.21066124566161,0,0.01695004109920177,0.6359949072551169,100.0,0.0
2023-11-02,nba,5,100.0,0,-0.00508784610128464,0.6581261983167298,100.0,0.0
2023-11-02,nba,3,100.0,0,0.12135188464686357,0.6474230816250957,100.0,0.0
2023-11-02,nba,3,100.0,0,-0.04411333471852074,0.8443694507367749,100.0,0.0
2023-11-03,nba,5,100.0,0,-0.07049494730580613,0.6483991106916617,100.0,0.0
2023-11-03,nba,2,100.0,0,-0.018032277046199308,0.6406079384718593,100.0,0.0
2023-11-04,nba,3,100.0,1,-0.19304406811359429,0.6913669841821968,100.0,10000.0
2023-11-04,nba,4,100.0,1,0.039567479452268045,0.9458434265841223,100.0,10000.0
2023-11-04,nba,4,100.0,0,0.05699881054534708,0.825960901970444,100.0,0.0
2023-11-06,nba,2,100.0,1,-0.08234181044287346,0.893610764694021,100.0,10000.0
2023-11-06,nba,3,100.0,0,-0.1683588686635814,0.9078605238491166,100.0,0.0
2023-11-06,nba,4,100.0,1,0.041809149183380856,0.680400699289131,100.0,10000.0
2023-11-06,nba,3,100.0,0,0.07600878963569119,0.790332004753183,100.0,0.0
2023-11-07,nba,4,100.0,0,-0.07361570276685732,0.9286736944795136,100.0,0.0
2023-11-07,nba,2,100.0,0,0.10687254083274814,0.6125880146746945,100.0,0.0
2023-11-07,nba,4,100.0,1,-0.09731440923982126,0.6051264945453704,100.0,10000.0
2023-11-07,nba,4,100.0,0,-0.08091481818171332,0.6141138339023328,100.0,0.0
2023-11-07,nba,2,100.0,1,0.35699779889918754,0.706666319479064,100.0,10000.0
2023-11-08,nba,5,100.0,0,-0.06676881685131678,0.77941533543612,100.0,0.0
2023-11-09,nba,3,100.0,1,0.15053655620732426,0.6870789723136017,100.0,10000.0
2023-11-09,nba,2,100.0,1,-0.09797390081528011,0.940201865371038,100.0,10000.0
2023-11-09,nba,2,100.0,1,0.07366279668771644,0.6611753502658053,100.0,10000.0
2023-11-09,nba,3,100.0,1,0.020633564886793174,0.7506852684617726,100.0,10000.0
2023-11-09,nba,2,100.0,0,0.05777929927573471,0.8464279188347282,100.0,0.0
2023-11-09,nba,2,100.0,1,0.1881670654641734,0.9436669943267887,100.0,10000.0
2023-11-10,nba,2,100.0,0,0.062047865618376496,0.835636253774086,100.0,0.0
2023-11-10,nba,5,100.0,0,0.12325452118686113,0.6340784128269273,100.0,0.0
2023-11-10,nba,2,100.0,1,0.0845082469860288,0.7482148298078415,100.0,10000.0
2023-11-11,nba,5,100.0,0,-0.11053803541799913,0.7999197143870198,100.0,0.0
2023-11-11,nba,3,100.0,0,-0.16250884556795628,0.9008260414687143,100.0,0.0
2023-11-12,nba,4,100.0,0,0.07256775536218611,0.6532086985950268,100.0,0.0
2023-11-12,nba,2,100.0,0,-0.2606212533686938,0.6572333554047579,100.0,0.0
2023-11-13,nba,5,100.0,1,0.11181278408503594,0.92916050452352,100.0,10000.0
2023-11-13,nba,2,100.0,0,-0.04622036614602658,0.8303559385041507,100.0,0.0
2023-11-14,nba,3,100.0,1,-0.08525286527491893,0.6841860548130521,100.0,10000.0
2023-11-14,nba,4,100.0,0,-0.28742123585604773,0.7548232804058865,100.0,0.0
2023-11-14,nba,3,100.0,1,-0.0545018619692695,0.7208280999805922,100.0,10000.0
2023-11-15,nba,2,100.0,1,-0.0064618083171978785,0.9033084910084261,100.0,10000.0
2023-11-16,nba,2,100.0,1,0.09179967804271506,0.9175199375462177,100.0,10000.0
2023-11-16,nba,2,100.0,1,0.07945691039792574,0.6123111210360588,100.0,10000.0
2023-11-16,nba,4,100.0,1,-0.2084736633165721,0.6631813799373483,100.0,10000.0
2023-11-16,nba,4,100.0,1,0.06159054518816669,0.6969341163436135,100.0,10000.0
2023-11-17,nba,4,100.0,0,-0.046292911125001626,0.73447234954503,100.0,0.0
2023-11-18,nba,3,100.0,0,-0.006778778133342281,0.7577402662286196,100.0,0.0
2023-11-18,nba,3,100.0,1,0.02157270225379502,0.7325875479449204,100.0,10000.0
2023-11-18,nba,5,100.0,1,-0.01968059745124777,0.659810655586523,100.0,10000.0
2023-11-18,nba,3,100.0,1,-0.020071985821546234,0.7561522397600093,100.0,10000.0
2023-11-18,nba,4,100.0,0,0.08609608081713113,0.7881390502741212,100.0,0.0
2023-11-19,nba,5,100.0,0,0.045193404222996,0.6858499362893671,100.0,0.0
2023-11-19,nba,3,100.0,1,0.011730441230488713,0.6299803873587506,100.0,10000.0
2023-11-20,nba,3,100.0,1,0.15714903972032435,0.7524541601845265,100.0,10000.0
2023-11-20,nba,4,100.0,0,-0.18334021272369816,0.7777820421672428,100.0,0.0
2023-11-20,nba,3,100.0,1,0.19372813914066636,0.8427663201158283,100.0,10000.0
2023-11-20,nba,4,100.0,1,0.10622758605598667,0.8328454926829187,100.0,10000.0
2023-11-21,nba,5,100.0,0,-0.19702055345471675,0.9418780304896551,100.0,0.0
2023-11-21,nba,2,100.0,0,-0.0030906363284624594,0.8014159622565575,100.0,0.0
2023-11-21,nba,3,100.0,1,0.06939618335477432,0.6330947206710359,100.0,10000.0
2023-11-21,nba,3,100.0,1,0.0009033524812164517,0.863363918155273,100.0,10000.0
2023-11-21,nba,2,100.0,0,-0.0744048751660685,0.7178941756513861,100.0,0.0
2023-11-22,nba,4,100.0,1,0.167223757374521,0.8214176625968819,100.0,10000.0
2023-11-22,nba,2,100.0,0,-0.124152849910429,0.8199424351743464,100.0,0.0
2023-11-22,nba,4,100.0,0,-0.002883057351621421,0.8718874785340983,100.0,0.0
2023-11-23,nba,5,100.0,0,0.025250313507846157,0.6586482887565772,100.0,0.0
2023-11-24,nba,5,100.0,1,0.10698909978547821,0.6783224351948417,100.0,10000.0
2023-11-24,nba,4,100.0,1,0.018383549764020568,0.8563359563091442,100.0,10000.0
2023-11-24,nba,2,100.0,1,-0.14828513894762424,0.6783736057288063,100.0,10000.0
2023-11-24,nba,5,100.0,0,-0.016715365494564663,0.8277122831382362,100.0,0.0
2023-11-24,nba,2,100.0,0,-0.25999080071856656,0.6864378943634718,100.0,0.0
2023-11-24,nba,4,100.0,0,-0.08685566865502518,0.9239489795173716,100.0,0.0
2023-11-24,nba,3,100.0,0,0.017893216601796935,0.9255578210018924,100.0,0.0
2023-11-24,nba,3,100.0,1,0.08049045995541639,0.8522845837086772,100.0,10000.0
2023-11-26,nba,4,100.0,0,-0.09485419957561057,0.7180434136189792,100.0,0.0
2023-11-26,nba,5,100.0,1,0.006801918672490553,0.9180892742009017,100.0,10000.0
2023-11-27,nba,2,100.0,0,-0.14216688215646697,0.6213156765848227,100.0,0.0
2023-11-27,nba,3,100.0,1,0.1209798667239584,0.6047310450949019,100.0,10000.0
2023-11-27,nba,2,100.0,1,-0.04185323736623746,0.7282615372049892,100.0,10000.0
2023-11-27,nba,4,100.0,0,-0.015534035069886057,0.8373428755378263,100.0,0.0
2023-11-28,nba,3,100.0,0,-0.10873055808952069,0.6439046245576819,100.0,0.0
2023-11-28,nba,4,100.0,1,-0.14795972244232736,0.8902870694354794,100.0,10000.0
2023-11-28,nba,2,100.0,1,-0.03997359243729216,0.6919434169506773,100.0,10000.0
2023-11-30,nba,5,100.0,1,0.0667005040354326,0.6044502114954127,100.0,10000.0
2023-11-30,nba,2,100.0,0,-0.21560905232095093,0.7180657130960179,100.0,0.0
2023-11-30,nba,2,100.0,1,0.17724516706660165,0.6501485105459244,100.0,10000.0
2023-11-30,nba,3,100.0,1,-0.040142038570970436,0.6309944544781345,100.0,10000.0
2023-11-30,nba,2,100.0,1,-0.08631284406047826,0.8399053591276655,100.0,10000.0
2023-12-01,nba,2,100.0,0,-0.13848199533513983,0.6546125339689919,100.0,0.0
2023-12-01,nba,5,100.0,1,-0.13768307428048665,0.6240497872033863,100.0,10000.0
2023-12-01,nba,3,100.0,1,-0.019965309103029655,0.6748304237319565,100.0,10000.0
2023-12-01,nba,5,100.0,1,-0.016666578306886712,0.88831123578278,100.0,10000.0
2023-12-01,nba,5,100.0,1,0.10062773833186653,0.6703845546049336,100.0,10000.0
2023-12-02,nba,3,100.0,1,0.35348076865028616,0.8332074100422638,100.0,10000.0
2023-12-02,nba,5,100.0,1,0.10515439597248645,0.8508515050186747,100.0,10000.0
2023-12-03,nba,4,100.0,0,-0.09001450665669683,0.8851348516484963,100.0,0.0
2023-12-03,nba,4,100.0,0,-0.16418448756255072,0.6526906058217786,100.0,0.0
2023-12-03,nba,2,100.0,1,0.05552455510467941,0.6463416147237591,100.0,10000.0
2023-12-04,nba,5,100.0,0,-0.04350200666065371,0.6517944515780422,100.0,0.0
2023-12-04,nba,3,100.0,1,0.02089992398736458,0.8612719917913084,100.0,10000.0
2023-12-04,nba,3,100.0,1,-0.06388584454438674,0.9018737775905548,100.0,10000.0
2023-12-04,nba,2,100.0,1,-0.20547993887971716,0.9415548019742378,100.0,10000.0
2023-12-06,nba,2,100.0,0,-0.16220006970507506,0.8357413023459868,100.0,0.0
2023-12-06,nba,3,100.0,1,0.1544074335196222,0.6562828179961245,100.0,10000.0
2023-12-06,nba,3,100.0,1,-0.06831112686156568,0.7943059054265542,100.0,10000.0
2023-12-07,nba,2,100.0,1,0.1762455249582009,0.6061305968017218,100.0,10000.0
2023-12-07,nba,5,100.0,0,-0.012145067766934692,0.8521979420255421,100.0,0.0
2023-12-08,nba,2,100.0,1,-0.007658427499463272,0.7409716470219165,100.0,10000.0
2023-12-09,nba,2,100.0,1,0.11095503834686757,0.6667540956568131,100.0,10000.0
2023-12-09,nba,5,100.0,1,-0.011961008092321715,0.8853467158816959,100.0,10000.0
2023-12-09,nba,5,100.0,1,0.14555172443602257,0.7729516847232589,100.0,10000.0
2023-12-09,nba,4,100.0,0,0.12900716475160953,0.7105989993938295,100.0,0.0
2023-12-09,nba,2,100.0,1,-0.2067274401992617,0.9314160148111809,100.0,10000.0
2023-12-10,nba,5,100.0,1,0.07672217136318651,0.8580267282499566,100.0,10000.0
2023-12-10,nba,5,100.0,1,-0.025226522301046925,0.8432436601442899,100.0,10000.0
2023-12-10,nba,4,100.0,1,0.1625858275514261,0.8736229390750542,100.0,10000.0
2023-12-10,nba,2,100.0,0,0.07653517395376902,0.8551525088143455,100.0,0.0
2023-12-10,nba,2,100.0,0,-0.13670133598287904,0.8212758092138821,100.0,0.0
2023-12-11,nba,5,100.0,0,-0.14187732993301477,0.7533117798441764,100.0,0.0
2023-12-11,nba,2,100.0,1,0.021431301862011053,0.6829597499879176,100.0,10000.0
2023-12-12,nba,3,100.0,1,0.011330813206954019,0.9315035276022241,100.0,10000.0
2023-12-12,nba,2,100.0,1,-0.1399931149630051,0.8065445920742897,100.0,10000.0
2023-12-12,nba,5,100.0,1,0.21342545935751778,0.8948299668364126,100.0,10000.0
2023-12-13,nba,2,100.0,1,-0.06780617868757603,0.7110569170971702,100.0,10000.0
2023-12-13,nba,2,100.0,0,-0.3971678955773415,0.7848238283262275,100.0,0.0
2023-12-13,nba,5,100.0,1,0.06371550632228062,0.8453841555774945,100.0,10000.0
2023-12-14,nba,3,100.0,0,-0.006587790230828741,0.7527175410622946,100.0,0.0
2023-12-14,nba,2,100.0,0,0.02439213787128286,0.6024332456859167,100.0,0.0
2023-12-14,nba,2,100.0,1,0.13406077679947068,0.8520355790886993,100.0,10000.0
2023-12-14,nba,5,100.0,1,-0.1450522384008026,0.9291880553860317,100.0,10000.0
2023-12-15,nba,4,100.0,1,-0.010480996961618333,0.7196578833507405,100.0,10000.0
2023-12-15,nba,4,100.0,0,-0.12449762329760744,0.6978858497912551,100.0,0.0
2023-12-15,nba,3,100.0,1,-0.05388470667847152,0.7255504338959546,100.0,10000.0
2023-12-16,nba,4,100.0,1,-0.08198290136711446,0.6645167860159795,100.0,10000.0
2023-12-16,nba,5,100.0,1,-0.14830607612137225,0.6721709505656226,100.0,10000.0
2023-12-17,nba,2,100.0,1,0.10567312981626019,0.7113173503928215,100.0,10000.0
2023-12-17,nba,4,100.0,0,0.041614532738778236,0.6816156440475657,100.0,0.0
2023-12-17,nba,4,100.0,1,0.01287842079783233,0.9491852921426307,100.0,10000.0
2023-12-17,nba,2,100.0,1,-0.054897720085905655,0.9339178595405528,100.0,10000.0
2023-12-18,nba,4,100.0,0,0.0647060108236454,0.6481323304510976,100.0,0.0
2023-12-18,nba,3,100.0,1,0.014094025141772576,0.6786108540262097,100.0,10000.0
2023-12-18,nba,5,100.0,0,0.1581502765560234,0.6023387452283607,100.0,0.0
2023-12-18,nba,2,100.0,1,-0.009243856161699902,0.7996433219912745,100.0,10000.0
2023-12-19,nba,5,100.0,1,0.08230540580754633,0.7100519370339918,100.0,10000.0
2023-12-19,nba,5,100.0,1,-0.09802083540524888,0.6399489892583712,100.0,10000.0
2023-12-19,nba,5,100.0,1,0.10817094275825143,0.6242983449611327,100.0,10000.0
2023-12-19,nba,2,100.0,0,-0.05329214150182829,0.9111502137851331,100.0,0.0
2023-12-19,nba,4,100.0,1,-0.11467861996930206,0.6801588868236788,100.0,10000.0
2023-12-19,nba,5,100.0,0,0.009862297359735685,0.6597847972071738,100.0,0.0
2023-12-20,nba,3,100.0,0,-0.11887694973203158,0.697000523155676,100.0,0.0
2023-12-20,nba,4,100.0,0,-0.058915129186161916,0.8438195449260865,100.0,0.0
2023-12-20,nba,5,100.0,0,0.013822180663002413,0.6822630251813387,100.0,0.0
2023-12-21,nba,5,100.0,1,-0.03765478979760531,0.9021667773501387,100.0,10000.0
2023-12-21,nba,5,100.0,1,0.08713481938483375,0.9342903225520954,100.0,10000.0
2023-12-21,nba,3,100.0,1,0.11116380442395984,0.8456884070401961,100.0,10000.0
2023-12-21,nba,5,100.0,1,0.03935790554908147,0.7564694403322488,100.0,10000.0
2023-12-22,nba,2,100.0,1,-0.08469583918494097,0.8606887764354696,100.0,10000.0
2023-12-23,nba,5,100.0,1,0.15490253988132385,0.834905115682891,100.0,10000.0
2023-12-23,nba,5,100.0,0,-0.1294482486672201,0.6044087404451254,100.0,0.0
2023-12-23,nba,5,100.0,0,-0.030110789927288467,0.84889263595535,100.0,0.0
2023-12-23,nba,2,100.0,0,-0.2222045241723511,0.768872571184682,100.0,0.0
2023-12-24,nba,5,100.0,1,-0.08049976231646436,0.7109299176185484,100.0,10000.0
2023-12-25,nba,3,100.0,0,0.1553852208789577,0.8092439953959897,100.0,0.0
2023-12-25,nba,2,100.0,1,0.0911858737686037,0.6600877500469062,100.0,10000.0
2023-12-25,nba,2,100.0,0,-0.29634740652029956,0.8574174359166367,100.0,0.0
2023-12-26,nba,5,100.0,1,0.02903678399152708,0.7796788735787203,100.0,10000.0
2023-12-26,nba,4,100.0,1,-0.07472843968335388,0.8552238319752985,100.0,10000.0
2023-12-26,nba,5,100.0,1,0.0024114175053642217,0.7644958938552777,100.0,10000.0
2023-12-26,nba,3,100.0,1,0.16373933936425805,0.6352781110555602,100.0,10000.0
2023-12-27,nba,2,100.0,1,0.07248465837706972,0.7255906694432258,100.0,10000.0
2023-12-27,nba,2,100.0,1,-0.10854254521910635,0.7867291738548934,100.0,10000.0
2023-12-28,nba,2,100.0,1,0.010471700651088822,0.8737006389578794,100.0,10000.0
2023-12-28,nba,3,100.0,1,0.039111868011229386,0.7942797322558002,100.0,10000.0
2023-12-28,nba,5,100.0,1,0.002715178483104236,0.9126916551807954,100.0,10000.0
2023-12-29,nba,5,100.0,0,-0.016634866445295757,0.8448914681705479,100.0,0.0
2023-12-29,nba,5,100.0,0,-0.042111989872352984,0.9243329438604044,100.0,0.0
2023-12-29,nba,3,100.0,1,0.05004264857724716,0.770254835499656,100.0,10000.0
2023-12-30,nba,4,100.0,1,0.1495006766818976,0.9408301446750023,100.0,10000.0
2023-12-30,nba,5,100.0,0,-0.023203712026703925,0.6557056793978404,100.0,0.0
2023-12-30,nba,5,100.0,1,0.018505499926910515,0.6395301229439108,100.0,10000.0
2023-12-30,nba,3,100.0,1,-0.01458851458794714,0.8657893918462873,100.0,10000.0
2023-12-30,nba,4,100.0,1,-0.11907441884753311,0.7762414435291601,100.0,10000.0
2023-12-30,nba,4,100.0,0,-0.1002676250900825,0.7975458057229117,100.0,0.0
2023-12-30,nba,3,100.0,0,0.06937544479984491,0.6043083960556265,100.0,0.0
2023-12-30,nba,4,100.0,1,0.177974407501381,0.7415990297414061,100.0,10000.0
2023-12-30,nba,5,100.0,1,0.13944839026617956,0.9481394578187705,100.0,10000.0
2023-12-31,nba,4,100.0,1,0.034181630235851045,0.6862407116336874,100.0,10000.0
2023-12-31,nba,5,100.0,0,-0.12007090939335009,0.6042710753113155,100.0,0.0
2023-12-31,nba,3,100.0,1,-0.2179234785723529,0.6860852049345778,100.0,10000.0
2024-01-01,nba,3,100.0,1,0.011749169512484225,0.6428518644256294,100.0,10000.0
2024-01-01,nba,5,100.0,1,-0.11350291350001236,0.7242960767138343,100.0,10000.0
